location_key,county,cumulative_confirmed,cumulative_deceased
AK,02013,1101.0,3.0
AK,02016,1685.0,1.0
AK,02020,105418.0,526.0
AK,02050,10362.0,41.0
AK,02068,424.0,1.0
AK,02070,1932.0,11.0
AK,02090,27763.0,142.0
AK,02100,624.0,1.0
AK,02110,8798.0,19.0
AK,02122,18091.0,101.0
AK,02130,4154.0,17.0
AK,02150,4992.0,12.0
AK,02158,4084.0,14.0
AK,02170,34981.0,236.0
AK,02180,6245.0,5.0
AK,02185,4468.0,11.0
AK,02188,4837.0,13.0
AK,02195,785.0,4.0
AK,02198,1454.0,8.0
AK,02220,2681.0,6.0
AK,02230,187.0,0.0
AK,02240,2052.0,20.0
AK,02261,2948.0,19.0
AK,02275,579.0,1.0
AK,02290,1438.0,10.0
AL,01001,15863.0,216.0
AL,01003,55862.0,681.0
AL,01005,5681.0,98.0
AL,01007,6457.0,105.0
AL,01009,15005.0,243.0
AL,01011,2319.0,54.0
AL,01013,5068.0,129.0
AL,01015,32453.0,627.0
AL,01017,8508.0,162.0
AL,01019,5134.0,86.0
AL,01021,11131.0,207.0
AL,01023,2051.0,36.0
AL,01025,7154.0,101.0
AL,01027,4099.0,82.0
AL,01029,3566.0,69.0
AL,01031,13643.0,231.0
AL,01033,16356.0,261.0
AL,01035,2869.0,71.0
AL,01037,2977.0,58.0
AL,01039,9355.0,232.0
AL,01041,3834.0,100.0
AL,01043,24649.0,367.0
AL,01045,12947.0,231.0
AL,01047,8429.0,244.0
AL,01049,18799.0,330.0
AL,01051,23420.0,347.0
AL,01053,10081.0,171.0
AL,01055,28780.0,651.0
AL,01057,4986.0,96.0
AL,01059,9903.0,139.0
AL,01061,6494.0,164.0
AL,01063,1877.0,49.0
AL,01065,4741.0,106.0
AL,01067,4584.0,76.0
AL,01069,25800.0,506.0
AL,01071,15049.0,241.0
AL,01073,185930.0,2373.0
AL,01075,3745.0,65.0
AL,01077,24193.0,397.0
AL,01079,7682.0,160.0
AL,01081,37888.0,341.0
AL,01083,25065.0,293.0
AL,01085,2628.0,77.0
AL,01087,3885.0,85.0
AL,01089,90395.0,968.0
AL,01091,5196.0,108.0
AL,01093,8157.0,152.0
AL,01095,27438.0,394.0
AL,01097,113300.0,1653.0
AL,01099,5276.0,80.0
AL,01101,55316.0,948.0
AL,01103,36167.0,518.0
AL,01105,2096.0,47.0
AL,01107,5271.0,102.0
AL,01109,7590.0,134.0
AL,01111,5092.0,75.0
AL,01113,10112.0,93.0
AL,01115,25395.0,416.0
AL,01117,61273.0,452.0
AL,01119,2594.0,51.0
AL,01121,22396.0,377.0
AL,01123,11445.0,234.0
AL,01125,56301.0,786.0
AL,01127,18767.0,447.0
AL,01129,3736.0,59.0
AL,01131,2892.0,46.0
AL,01133,7576.0,131.0
AR,05001,5696.0,79.0
AR,05003,5115.0,66.0
AR,05005,8848.0,247.0
AR,05007,67110.0,849.0
AR,05009,9468.0,180.0
AR,05011,2997.0,49.0
AR,05013,965.0,10.0
AR,05015,6138.0,102.0
AR,05017,2778.0,60.0
AR,05019,5379.0,79.0
AR,05021,4154.0,93.0
AR,05023,6466.0,128.0
AR,05025,2269.0,36.0
AR,05027,5438.0,95.0
AR,05029,5491.0,65.0
AR,05031,37767.0,329.0
AR,05033,15884.0,249.0
AR,05035,14315.0,226.0
AR,05037,4836.0,83.0
AR,05039,1747.0,31.0
AR,05041,3030.0,41.0
AR,05043,4687.0,70.0
AR,05045,35251.0,316.0
AR,05047,3818.0,73.0
AR,05049,2696.0,90.0
AR,05051,23359.0,510.0
AR,05053,4468.0,61.0
AR,05055,16088.0,173.0
AR,05057,4571.0,68.0
AR,05059,11237.0,136.0
AR,05061,3763.0,50.0
AR,05063,10639.0,212.0
AR,05065,3906.0,70.0
AR,05067,6135.0,63.0
AR,05069,18608.0,277.0
AR,05071,6830.0,87.0
AR,05073,1298.0,31.0
AR,05075,5324.0,78.0
AR,05077,2912.0,59.0
AR,05079,4920.0,68.0
AR,05081,3281.0,104.0
AR,05083,5130.0,80.0
AR,05085,19951.0,243.0
AR,05087,3975.0,61.0
AR,05089,3409.0,88.0
AR,05091,9596.0,181.0
AR,05093,13608.0,210.0
AR,05095,1936.0,35.0
AR,05097,1525.0,57.0
AR,05099,2188.0,46.0
AR,05101,1719.0,47.0
AR,05103,5484.0,104.0
AR,05105,2523.0,37.0
AR,05107,4829.0,99.0
AR,05109,2618.0,44.0
AR,05111,8052.0,127.0
AR,05113,4148.0,149.0
AR,05115,18455.0,210.0
AR,05117,1965.0,43.0
AR,05119,103939.0,1186.0
AR,05121,5217.0,89.0
AR,05123,7170.0,96.0
AR,05125,31019.0,339.0
AR,05127,2299.0,43.0
AR,05129,2126.0,48.0
AR,05131,32837.0,526.0
AR,05133,5943.0,75.0
AR,05135,4640.0,105.0
AR,05137,2918.0,68.0
AR,05139,9268.0,176.0
AR,05141,3489.0,62.0
AR,05143,68841.0,621.0
AR,05145,22164.0,292.0
AR,05147,1732.0,31.0
AR,05149,6859.0,106.0
AZ,04001,22540.0,614.0
AZ,04003,31614.0,573.0
AZ,04005,44091.0,478.0
AZ,04007,17398.0,381.0
AZ,04009,12051.0,177.0
AZ,04011,2226.0,33.0
AZ,04012,5227.0,144.0
AZ,04013,1283590.0,17326.0
AZ,04015,57631.0,1454.0
AZ,04017,38394.0,909.0
AZ,04019,255688.0,3850.0
AZ,04021,132748.0,1666.0
AZ,04023,16683.0,232.0
AZ,04025,48293.0,1212.0
AZ,04027,62751.0,1181.0
CA,06001,284054.0,1896.0
CA,06003,126.0,0.0
CA,06005,9242.0,86.0
CA,06007,40181.0,424.0
CA,06009,7754.0,120.0
CA,06011,4549.0,22.0
CA,06013,209958.0,1302.0
CA,06015,6381.0,50.0
CA,06017,30508.0,212.0
CA,06019,257611.0,2757.0
CA,06021,6631.0,67.0
CA,06023,20952.0,146.0
CA,06025,66925.0,916.0
CA,06027,4636.0,56.0
CA,06029,244681.0,2427.0
CA,06031,55429.0,448.0
CA,06033,11699.0,137.0
CA,06035,10751.0,69.0
CA,06037,2908425.0,32022.0
CA,06039,43685.0,365.0
CA,06041,38685.0,293.0
CA,06043,3145.0,35.0
CA,06045,16568.0,124.0
CA,06047,72959.0,823.0
CA,06049,1485.0,11.0
CA,06051,3144.0,6.0
CA,06053,95140.0,744.0
CA,06055,27765.0,144.0
CA,06057,17503.0,127.0
CA,06059,600384.0,7023.0
CA,06061,71527.0,628.0
CA,06063,3379.0,14.0
CA,06065,626695.0,6527.0
CA,06067,314407.0,3159.0
CA,06069,13636.0,98.0
CA,06071,597377.0,7423.0
CA,06073,824586.0,5271.0
CA,06075,143959.0,866.0
CA,06077,178501.0,2236.0
CA,06079,57556.0,478.0
CA,06081,137238.0,755.0
CA,06083,92683.0,693.0
CA,06085,342015.0,2298.0
CA,06087,52532.0,263.0
CA,06089,36988.0,648.0
CA,06091,324.0,5.0
CA,06093,7478.0,105.0
CA,06095,89419.0,451.0
CA,06097,90191.0,490.0
CA,06099,136645.0,1694.0
CA,06101,23045.0,234.0
CA,06103,14753.0,202.0
CA,06105,1485.0,20.0
CA,06107,136125.0,1469.0
CA,06109,13758.0,182.0
CA,06111,186062.0,1498.0
CA,06113,41061.0,316.0
CA,06115,17944.0,122.0
CO,08001,137720.0,1380.0
CO,08003,4560.0,62.0
CO,08005,158561.0,1284.0
CO,08007,2926.0,16.0
CO,08009,855.0,13.0
CO,08011,2560.0,47.0
CO,08013,68435.0,391.0
CO,08014,13997.0,116.0
CO,08015,4749.0,47.0
CO,08017,322.0,9.0
CO,08019,1601.0,12.0
CO,08021,1763.0,54.0
CO,08023,708.0,18.0
CO,08025,3347.0,30.0
CO,08027,656.0,21.0
CO,08029,6232.0,140.0
CO,08031,177033.0,1360.0
CO,08033,367.0,8.0
CO,08035,81400.0,460.0
CO,08037,16274.0,35.0
CO,08039,4880.0,40.0
CO,08041,190541.0,1695.0
CO,08043,15481.0,187.0
CO,08045,15076.0,91.0
CO,08047,977.0,5.0
CO,08049,3599.0,28.0
CO,08051,3407.0,14.0
CO,08053,131.0,0.0
CO,08055,1452.0,35.0
CO,08057,166.0,0.0
CO,08059,128067.0,1356.0
CO,08061,336.0,6.0
CO,08063,1621.0,35.0
CO,08065,1843.0,23.0
CO,08067,13002.0,86.0
CO,08069,81210.0,507.0
CO,08071,3635.0,43.0
CO,08073,2199.0,9.0
CO,08075,7480.0,109.0
CO,08077,43093.0,565.0
CO,08079,241.0,2.0
CO,08081,3062.0,52.0
CO,08083,6229.0,81.0
CO,08085,9398.0,160.0
CO,08087,5735.0,138.0
CO,08089,4322.0,130.0
CO,08091,884.0,6.0
CO,08093,2913.0,20.0
CO,08095,894.0,19.0
CO,08097,6676.0,7.0
CO,08099,2654.0,51.0
CO,08101,47690.0,802.0
CO,08103,1696.0,13.0
CO,08105,2856.0,46.0
CO,08107,6562.0,25.0
CO,08109,1203.0,12.0
CO,08111,203.0,2.0
CO,08113,2322.0,8.0
CO,08115,490.0,11.0
CO,08117,10087.0,15.0
CO,08119,4897.0,58.0
CO,08121,1066.0,28.0
CO,08123,85893.0,703.0
CO,08125,1886.0,23.0
CT,09001,214106.0,2733.0
CT,09003,187284.0,3157.0
CT,09005,33423.0,462.0
CT,09007,30049.0,481.0
CT,09009,205522.0,2839.0
CT,09011,58138.0,662.0
CT,09013,21898.0,275.0
CT,09015,26643.0,305.0
DC,11001,143943.0,1340.0
DE,10001,51836.0,650.0
DE,10003,151392.0,1424.0
DE,10005,63138.0,857.0
FL,12001,69008.0,665.0
FL,12003,8712.0,142.0
FL,12005,45926.0,827.0
FL,12007,7538.0,150.0
FL,12009,135740.0,2100.0
FL,12011,614436.0,5852.0
FL,12013,4103.0,98.0
FL,12015,36528.0,812.0
FL,12017,29988.0,976.0
FL,12019,53825.0,856.0
FL,12021,85078.0,1000.0
FL,12023,21193.0,402.0
FL,12027,9455.0,150.0
FL,12029,4046.0,70.0
FL,12031,255189.0,3410.0
FL,12033,78190.0,1311.0
FL,12035,22651.0,359.0
FL,12037,3087.0,52.0
FL,12039,13475.0,207.0
FL,12041,4562.0,93.0
FL,12043,1995.0,36.0
FL,12045,4292.0,79.0
FL,12047,3841.0,56.0
FL,12049,8696.0,125.0
FL,12051,11773.0,160.0
FL,12053,42396.0,1095.0
FL,12055,24304.0,686.0
FL,12057,379994.0,3793.0
FL,12059,5429.0,87.0
FL,12061,33156.0,654.0
FL,12063,14854.0,280.0
FL,12065,3964.0,61.0
FL,12067,2780.0,61.0
FL,12069,86320.0,1504.0
FL,12071,191963.0,2158.0
FL,12073,85724.0,663.0
FL,12075,10284.0,169.0
FL,12077,2507.0,30.0
FL,12079,5849.0,97.0
FL,12081,96960.0,1434.0
FL,12083,84120.0,2105.0
FL,12085,30920.0,616.0
FL,12086,1209302.0,10921.0
FL,12087,18412.0,119.0
FL,12089,21949.0,294.0
FL,12091,51630.0,688.0
FL,12093,10649.0,183.0
FL,12095,383010.0,2835.0
FL,12097,115328.0,1147.0
FL,12099,375184.0,5059.0
FL,12101,123993.0,1900.0
FL,12103,212746.0,3356.0
FL,12105,202456.0,2991.0
FL,12107,17669.0,424.0
FL,12109,63143.0,567.0
FL,12111,75157.0,1221.0
FL,12113,48592.0,621.0
FL,12115,91416.0,1620.0
FL,12117,105227.0,1096.0
FL,12119,22305.0,576.0
FL,12121,12972.0,315.0
FL,12123,7015.0,102.0
FL,12125,4321.0,116.0
FL,12127,118119.0,1988.0
FL,12129,9972.0,125.0
FL,12131,16555.0,210.0
FL,12133,6642.0,110.0
GA,13001,4833.0,128.0
GA,13003,2200.0,50.0
GA,13005,3692.0,78.0
GA,13007,536.0,15.0
GA,13009,9574.0,240.0
GA,13011,3990.0,94.0
GA,13013,21998.0,256.0
GA,13015,29577.0,447.0
GA,13017,4344.0,122.0
GA,13019,4955.0,83.0
GA,13021,37615.0,788.0
GA,13023,3353.0,100.0
GA,13025,4168.0,109.0
GA,13027,3430.0,86.0
GA,13029,9218.0,91.0
GA,13031,15450.0,264.0
GA,13033,5315.0,110.0
GA,13035,6556.0,157.0
GA,13037,1365.0,22.0
GA,13039,11467.0,120.0
GA,13043,2203.0,96.0
GA,13045,23863.0,460.0
GA,13047,14833.0,168.0
GA,13049,3076.0,63.0
GA,13051,64409.0,886.0
GA,13053,7486.0,22.0
GA,13055,6687.0,134.0
GA,13057,63811.0,630.0
GA,13059,29898.0,232.0
GA,13061,533.0,6.0
GA,13063,64612.0,977.0
GA,13065,2124.0,42.0
GA,13067,176832.0,1819.0
GA,13069,11189.0,284.0
GA,13071,11752.0,246.0
GA,13073,36344.0,390.0
GA,13075,4911.0,76.0
GA,13077,33335.0,491.0
GA,13079,1780.0,55.0
GA,13081,4679.0,137.0
GA,13083,3393.0,29.0
GA,13085,6964.0,101.0
GA,13087,7269.0,131.0
GA,13089,153194.0,1746.0
GA,13091,5244.0,154.0
GA,13093,2383.0,69.0
GA,13095,19863.0,498.0
GA,13097,35159.0,400.0
GA,13099,2767.0,62.0
GA,13101,937.0,12.0
GA,13103,13314.0,196.0
GA,13105,4558.0,109.0
GA,13107,5924.0,160.0
GA,13109,2383.0,67.0
GA,13111,5141.0,160.0
GA,13113,22818.0,321.0
GA,13115,27468.0,520.0
GA,13117,56197.0,401.0
GA,13119,5414.0,104.0
GA,13121,222488.0,2343.0
GA,13123,6960.0,178.0
GA,13125,610.0,25.0
GA,13127,23341.0,406.0
GA,13129,16793.0,270.0
GA,13131,5795.0,113.0
GA,13133,3974.0,85.0
GA,13135,210364.0,1886.0
GA,13137,10192.0,264.0
GA,13139,54571.0,844.0
GA,13141,1587.0,90.0
GA,13143,5452.0,173.0
GA,13145,6095.0,113.0
GA,13147,4899.0,100.0
GA,13149,2181.0,54.0
GA,13151,58353.0,688.0
GA,13153,39773.0,500.0
GA,13155,1926.0,51.0
GA,13157,21247.0,292.0
GA,13159,3155.0,73.0
GA,13161,3966.0,72.0
GA,13163,3668.0,113.0
GA,13165,1504.0,66.0
GA,13167,2258.0,73.0
GA,13169,5080.0,109.0
GA,13171,4864.0,113.0
GA,13173,2277.0,25.0
GA,13175,13827.0,299.0
GA,13177,7387.0,103.0
GA,13179,12434.0,149.0
GA,13181,1604.0,35.0
GA,13183,2801.0,35.0
GA,13185,31175.0,392.0
GA,13187,7258.0,132.0
GA,13189,5082.0,98.0
GA,13191,2469.0,37.0
GA,13193,2154.0,50.0
GA,13195,6950.0,110.0
GA,13197,1520.0,50.0
GA,13199,4487.0,145.0
GA,13201,1723.0,31.0
GA,13205,5255.0,117.0
GA,13207,5927.0,174.0
GA,13209,2082.0,53.0
GA,13211,4709.0,70.0
GA,13213,11548.0,188.0
GA,13215,38349.0,823.0
GA,13217,24799.0,457.0
GA,13219,8820.0,107.0
GA,13221,3250.0,58.0
GA,13223,38412.0,433.0
GA,13225,6239.0,133.0
GA,13227,8392.0,167.0
GA,13229,5821.0,133.0
GA,13231,5473.0,98.0
GA,13233,11910.0,193.0
GA,13235,2180.0,78.0
GA,13237,4528.0,106.0
GA,13239,427.0,4.0
GA,13241,3691.0,99.0
GA,13243,1490.0,48.0
GA,13245,50566.0,895.0
GA,13247,18719.0,321.0
GA,13249,1173.0,11.0
GA,13251,2659.0,70.0
GA,13253,2173.0,30.0
GA,13255,15968.0,421.0
GA,13257,6340.0,159.0
GA,13259,2634.0,35.0
GA,13261,6845.0,170.0
GA,13263,1172.0,32.0
GA,13265,268.0,3.0
GA,13267,5202.0,131.0
GA,13269,2003.0,54.0
GA,13271,3101.0,85.0
GA,13273,2057.0,67.0
GA,13275,12084.0,210.0
GA,13277,11593.0,218.0
GA,13279,7114.0,202.0
GA,13281,2400.0,116.0
GA,13283,1634.0,61.0
GA,13285,15503.0,379.0
GA,13287,2569.0,61.0
GA,13289,1543.0,70.0
GA,13291,4888.0,159.0
GA,13293,7803.0,235.0
GA,13295,17127.0,244.0
GA,13297,22019.0,434.0
GA,13299,10167.0,281.0
GA,13301,1064.0,30.0
GA,13303,4411.0,138.0
GA,13305,7817.0,207.0
GA,13307,439.0,8.0
GA,13309,1414.0,39.0
GA,13311,6857.0,163.0
GA,13313,34132.0,439.0
GA,13315,2014.0,71.0
GA,13317,2246.0,53.0
GA,13319,2247.0,56.0
GA,13321,4677.0,119.0
HI,15001,28425.0,190.0
HI,15003,178469.0,1063.0
HI,15005,1.0,0.0
HI,15007,12864.0,29.0
HI,15009,32000.0,140.0
IA,19001,1588.0,51.0
IA,19003,820.0,14.0
IA,19005,2890.0,60.0
IA,19007,2927.0,68.0
IA,19009,1114.0,20.0
IA,19011,6089.0,77.0
IA,19013,33140.0,480.0
IA,19015,5519.0,54.0
IA,19017,5559.0,82.0
IA,19019,4619.0,58.0
IA,19021,6428.0,58.0
IA,19023,3252.0,53.0
IA,19025,2608.0,25.0
IA,19027,4958.0,66.0
IA,19029,2962.0,78.0
IA,19031,4201.0,35.0
IA,19033,11156.0,170.0
IA,19035,2981.0,62.0
IA,19037,2701.0,32.0
IA,19039,2271.0,37.0
IA,19041,4120.0,44.0
IA,19043,3510.0,72.0
IA,19045,11654.0,146.0
IA,19047,4539.0,54.0
IA,19049,23337.0,144.0
IA,19051,1604.0,32.0
IA,19053,1520.0,26.0
IA,19055,4056.0,68.0
IA,19057,9192.0,139.0
IA,19059,4140.0,72.0
IA,19061,26325.0,295.0
IA,19063,2365.0,52.0
IA,19065,4123.0,74.0
IA,19067,3605.0,62.0
IA,19069,2521.0,43.0
IA,19071,1387.0,25.0
IA,19073,1745.0,21.0
IA,19075,2576.0,44.0
IA,19077,2372.0,46.0
IA,19079,3481.0,72.0
IA,19081,2867.0,47.0
IA,19083,4140.0,62.0
IA,19085,3437.0,95.0
IA,19087,5573.0,74.0
IA,19089,2077.0,35.0
IA,19091,2635.0,38.0
IA,19093,1831.0,49.0
IA,19095,3711.0,50.0
IA,19097,4644.0,69.0
IA,19099,8707.0,110.0
IA,19101,3513.0,51.0
IA,19103,35541.0,153.0
IA,19105,5511.0,73.0
IA,19107,2085.0,48.0
IA,19109,3783.0,88.0
IA,19111,7880.0,142.0
IA,19113,53125.0,583.0
IA,19115,2497.0,62.0
IA,19117,1763.0,32.0
IA,19119,2747.0,50.0
IA,19121,3181.0,40.0
IA,19123,4934.0,87.0
IA,19125,7590.0,125.0
IA,19127,9488.0,112.0
IA,19129,3365.0,42.0
IA,19131,2519.0,50.0
IA,19133,1723.0,49.0
IA,19135,1882.0,49.0
IA,19137,2216.0,55.0
IA,19139,9699.0,131.0
IA,19141,3457.0,71.0
IA,19143,1395.0,22.0
IA,19145,3339.0,46.0
IA,19147,2052.0,38.0
IA,19149,6330.0,100.0
IA,19151,1608.0,27.0
IA,19153,126409.0,1105.0
IA,19155,24382.0,319.0
IA,19157,3728.0,61.0
IA,19159,1135.0,34.0
IA,19161,2412.0,33.0
IA,19163,41418.0,395.0
IA,19165,2724.0,51.0
IA,19167,7987.0,87.0
IA,19169,19980.0,90.0
IA,19171,3925.0,90.0
IA,19173,1318.0,22.0
IA,19175,2720.0,51.0
IA,19177,1383.0,27.0
IA,19179,9003.0,204.0
IA,19181,12591.0,135.0
IA,19183,5681.0,79.0
IA,19185,1271.0,33.0
IA,19187,10384.0,164.0
IA,19189,2984.0,47.0
IA,19191,3906.0,50.0
IA,19193,28838.0,339.0
IA,19195,1781.0,17.0
IA,19197,3626.0,63.0
ID,16001,135259.0,1022.0
ID,16003,704.0,15.0
ID,16005,20914.0,247.0
ID,16007,931.0,16.0
ID,16009,2397.0,41.0
ID,16011,9836.0,154.0
ID,16013,6059.0,30.0
ID,16015,1094.0,14.0
ID,16017,8941.0,188.0
ID,16019,30942.0,286.0
ID,16021,2107.0,62.0
ID,16023,476.0,9.0
ID,16025,158.0,2.0
ID,16027,61709.0,685.0
ID,16029,1495.0,28.0
ID,16031,5037.0,53.0
ID,16033,109.0,1.0
ID,16035,2324.0,33.0
ID,16037,532.0,9.0
ID,16039,7264.0,70.0
ID,16041,2331.0,29.0
ID,16043,2213.0,28.0
ID,16045,3681.0,79.0
ID,16047,3297.0,55.0
ID,16049,2998.0,52.0
ID,16051,6043.0,65.0
ID,16053,6101.0,65.0
ID,16055,42145.0,594.0
ID,16057,6801.0,49.0
ID,16059,1261.0,25.0
ID,16061,1134.0,29.0
ID,16063,1108.0,15.0
ID,16065,12674.0,50.0
ID,16067,4235.0,64.0
ID,16069,8969.0,148.0
ID,16071,807.0,11.0
ID,16073,2274.0,54.0
ID,16075,5586.0,87.0
ID,16077,1496.0,20.0
ID,16079,2746.0,76.0
ID,16081,2723.0,9.0
ID,16083,24129.0,296.0
ID,16085,2642.0,16.0
ID,16087,2394.0,57.0
IL,17001,22525.0,238.0
IL,17003,1288.0,15.0
IL,17005,4370.0,37.0
IL,17007,14162.0,130.0
IL,17009,2430.0,21.0
IL,17011,8461.0,140.0
IL,17013,1537.0,8.0
IL,17015,4301.0,49.0
IL,17017,4640.0,44.0
IL,17019,67086.0,297.0
IL,17021,10330.0,131.0
IL,17023,4887.0,60.0
IL,17025,4750.0,74.0
IL,17027,12066.0,122.0
IL,17029,15526.0,175.0
IL,17031,1193914.0,14936.0
IL,17033,6249.0,61.0
IL,17035,3381.0,49.0
IL,17037,24537.0,201.0
IL,17039,4424.0,45.0
IL,17041,6609.0,61.0
IL,17043,224631.0,1806.0
IL,17045,5209.0,79.0
IL,17047,1776.0,29.0
IL,17049,10711.0,150.0
IL,17051,7155.0,104.0
IL,17053,4496.0,75.0
IL,17055,12275.0,178.0
IL,17057,10257.0,135.0
IL,17059,1415.0,18.0
IL,17061,3663.0,58.0
IL,17063,13009.0,140.0
IL,17065,2181.0,34.0
IL,17067,4420.0,58.0
IL,17069,1059.0,20.0
IL,17071,1166.0,28.0
IL,17073,12884.0,150.0
IL,17075,7294.0,118.0
IL,17077,15840.0,130.0
IL,17079,2691.0,33.0
IL,17081,11159.0,176.0
IL,17083,6320.0,91.0
IL,17085,4105.0,39.0
IL,17087,4538.0,47.0
IL,17089,131751.0,1179.0
IL,17091,29350.0,373.0
IL,17093,32538.0,171.0
IL,17095,12722.0,246.0
IL,17097,159179.0,1466.0
IL,17099,29734.0,442.0
IL,17101,5494.0,52.0
IL,17103,9020.0,118.0
IL,17105,10928.0,149.0
IL,17107,9922.0,100.0
IL,17109,7303.0,105.0
IL,17111,79189.0,511.0
IL,17113,52348.0,330.0
IL,17115,31113.0,354.0
IL,17117,12975.0,171.0
IL,17119,71577.0,866.0
IL,17121,11933.0,217.0
IL,17123,2809.0,33.0
IL,17125,3980.0,61.0
IL,17127,3887.0,71.0
IL,17129,3560.0,24.0
IL,17131,4087.0,47.0
IL,17133,9633.0,131.0
IL,17135,9872.0,111.0
IL,17137,9661.0,145.0
IL,17139,4100.0,52.0
IL,17141,14285.0,136.0
IL,17143,47902.0,555.0
IL,17145,7509.0,107.0
IL,17147,4575.0,29.0
IL,17149,5050.0,70.0
IL,17151,961.0,8.0
IL,17153,1730.0,19.0
IL,17155,1158.0,10.0
IL,17157,10567.0,132.0
IL,17159,5167.0,83.0
IL,17161,33837.0,523.0
IL,17163,70571.0,776.0
IL,17165,7935.0,111.0
IL,17167,56637.0,432.0
IL,17169,1977.0,29.0
IL,17171,1276.0,12.0
IL,17173,6262.0,80.0
IL,17175,1536.0,33.0
IL,17177,11687.0,176.0
IL,17179,37644.0,500.0
IL,17181,5415.0,68.0
IL,17183,28275.0,313.0
IL,17185,3759.0,31.0
IL,17187,4089.0,87.0
IL,17189,3455.0,41.0
IL,17191,5320.0,85.0
IL,17193,4413.0,59.0
IL,17195,15768.0,268.0
IL,17197,169447.0,1612.0
IL,17199,22816.0,263.0
IL,17201,79104.0,855.0
IL,17203,10578.0,124.0
IN,18001,8038.0,112.0
IN,18003,115819.0,1188.0
IN,18005,24614.0,250.0
IN,18007,2779.0,21.0
IN,18009,3457.0,69.0
IN,18011,16777.0,186.0
IN,18013,2869.0,62.0
IN,18015,4667.0,68.0
IN,18017,13106.0,164.0
IN,18019,36854.0,396.0
IN,18021,7676.0,88.0
IN,18023,10158.0,127.0
IN,18025,2838.0,40.0
IN,18027,8331.0,154.0
IN,18029,15076.0,140.0
IN,18031,7913.0,147.0
IN,18033,12680.0,152.0
IN,18035,28172.0,444.0
IN,18037,13923.0,165.0
IN,18039,58442.0,734.0
IN,18041,7665.0,146.0
IN,18043,22135.0,302.0
IN,18045,6064.0,103.0
IN,18047,4906.0,65.0
IN,18049,5387.0,103.0
IN,18051,13288.0,146.0
IN,18053,19439.0,354.0
IN,18055,8299.0,139.0
IN,18057,91745.0,661.0
IN,18059,23288.0,258.0
IN,18061,12244.0,138.0
IN,18063,45098.0,555.0
IN,18065,14810.0,231.0
IN,18067,28360.0,449.0
IN,18069,13169.0,157.0
IN,18071,14073.0,130.0
IN,18073,10276.0,149.0
IN,18075,5444.0,78.0
IN,18077,10472.0,159.0
IN,18079,7715.0,108.0
IN,18081,47641.0,615.0
IN,18083,12643.0,153.0
IN,18085,21664.0,237.0
IN,18087,6260.0,102.0
IN,18089,123781.0,1834.0
IN,18091,29544.0,368.0
IN,18093,13669.0,261.0
IN,18095,36866.0,653.0
IN,18097,252930.0,3000.0
IN,18099,13282.0,197.0
IN,18101,2440.0,25.0
IN,18103,10195.0,159.0
IN,18105,32475.0,281.0
IN,18107,11572.0,164.0
IN,18109,18394.0,287.0
IN,18111,2916.0,68.0
IN,18113,14615.0,157.0
IN,18115,1638.0,19.0
IN,18117,5578.0,96.0
IN,18119,6542.0,121.0
IN,18121,4032.0,52.0
IN,18123,5402.0,69.0
IN,18125,4165.0,49.0
IN,18127,44140.0,564.0
IN,18129,7354.0,58.0
IN,18131,3346.0,86.0
IN,18133,10449.0,129.0
IN,18135,6556.0,148.0
IN,18137,9313.0,138.0
IN,18139,5504.0,59.0
IN,18141,79391.0,874.0
IN,18143,8901.0,106.0
IN,18145,15532.0,182.0
IN,18147,5744.0,61.0
IN,18149,5256.0,99.0
IN,18151,10709.0,121.0
IN,18153,5956.0,76.0
IN,18155,2495.0,20.0
IN,18157,57536.0,396.0
IN,18159,3814.0,87.0
IN,18161,2183.0,21.0
IN,18163,65844.0,640.0
IN,18165,4618.0,75.0
IN,18167,32724.0,414.0
IN,18169,9601.0,157.0
IN,18171,2274.0,30.0
IN,18173,23155.0,239.0
IN,18175,6651.0,85.0
IN,18177,21716.0,337.0
IN,18179,7085.0,132.0
IN,18181,7773.0,97.0
IN,18183,10633.0,84.0
KS,20001,3989.0,53.0
KS,20003,2133.0,29.0
KS,20005,4323.0,34.0
KS,20007,1043.0,8.0
KS,20009,6508.0,96.0
KS,20011,4391.0,52.0
KS,20013,2735.0,48.0
KS,20015,19104.0,192.0
KS,20017,676.0,9.0
KS,20019,844.0,17.0
KS,20021,6158.0,85.0
KS,20023,661.0,14.0
KS,20025,504.0,8.0
KS,20027,1985.0,35.0
KS,20029,2219.0,36.0
KS,20031,2435.0,42.0
KS,20033,441.0,16.0
KS,20035,10194.0,152.0
KS,20037,11966.0,130.0
KS,20039,620.0,20.0
KS,20041,4815.0,78.0
KS,20043,2456.0,34.0
KS,20045,27394.0,139.0
KS,20047,562.0,13.0
KS,20049,571.0,10.0
KS,20051,7165.0,84.0
KS,20053,2017.0,32.0
KS,20055,11545.0,115.0
KS,20057,10629.0,113.0
KS,20059,7018.0,81.0
KS,20061,9262.0,75.0
KS,20063,790.0,23.0
KS,20065,572.0,15.0
KS,20067,2265.0,36.0
KS,20069,1236.0,23.0
KS,20071,333.0,3.0
KS,20073,1807.0,23.0
KS,20075,464.0,3.0
KS,20077,1654.0,27.0
KS,20079,9636.0,124.0
KS,20081,965.0,11.0
KS,20083,412.0,10.0
KS,20085,3908.0,29.0
KS,20087,4832.0,64.0
KS,20089,788.0,13.0
KS,20091,148890.0,1219.0
KS,20093,1237.0,20.0
KS,20095,1967.0,28.0
KS,20097,668.0,7.0
KS,20099,6636.0,74.0
KS,20101,296.0,12.0
KS,20103,19619.0,183.0
KS,20105,623.0,10.0
KS,20107,2827.0,28.0
KS,20109,844.0,13.0
KS,20111,10084.0,122.0
KS,20113,7944.0,126.0
KS,20115,3337.0,43.0
KS,20117,2559.0,42.0
KS,20119,1221.0,20.0
KS,20121,7865.0,93.0
KS,20123,1429.0,22.0
KS,20125,9448.0,154.0
KS,20127,1513.0,29.0
KS,20129,623.0,11.0
KS,20131,3243.0,60.0
KS,20133,5168.0,66.0
KS,20135,781.0,18.0
KS,20137,2153.0,38.0
KS,20139,3946.0,49.0
KS,20141,803.0,17.0
KS,20143,1210.0,17.0
KS,20145,2139.0,24.0
KS,20147,1361.0,30.0
KS,20149,5785.0,58.0
KS,20151,1931.0,30.0
KS,20153,683.0,10.0
KS,20155,18632.0,238.0
KS,20157,1354.0,16.0
KS,20159,2614.0,23.0
KS,20161,13711.0,85.0
KS,20163,1377.0,20.0
KS,20165,810.0,18.0
KS,20167,1883.0,37.0
KS,20169,14159.0,246.0
KS,20171,1279.0,34.0
KS,20173,145517.0,1424.0
KS,20175,6920.0,61.0
KS,20177,48858.0,633.0
KS,20179,786.0,18.0
KS,20181,1514.0,20.0
KS,20183,645.0,8.0
KS,20185,1139.0,26.0
KS,20187,437.0,9.0
KS,20189,1465.0,20.0
KS,20191,5724.0,70.0
KS,20193,2394.0,28.0
KS,20195,756.0,10.0
KS,20197,1642.0,22.0
KS,20199,438.0,5.0
KS,20201,1400.0,22.0
KS,20203,494.0,8.0
KS,20205,2828.0,43.0
KS,20207,796.0,15.0
KS,20209,47365.0,508.0
KY,21001,5929.0,107.0
KY,21003,6601.0,107.0
KY,21005,6620.0,70.0
KY,21007,1387.0,29.0
KY,21009,13032.0,219.0
KY,21011,3210.0,48.0
KY,21013,8868.0,149.0
KY,21015,40084.0,297.0
KY,21017,6002.0,59.0
KY,21019,16369.0,177.0
KY,21021,8473.0,132.0
KY,21023,2186.0,26.0
KY,21025,3801.0,54.0
KY,21027,5170.0,78.0
KY,21029,21805.0,223.0
KY,21031,3874.0,54.0
KY,21033,4158.0,61.0
KY,21035,8414.0,94.0
KY,21037,25104.0,178.0
KY,21039,1076.0,20.0
KY,21041,3504.0,45.0
KY,21043,8675.0,107.0
KY,21045,4216.0,74.0
KY,21047,16399.0,210.0
KY,21049,10749.0,68.0
KY,21051,7867.0,92.0
KY,21053,3674.0,52.0
KY,21055,2293.0,50.0
KY,21057,2238.0,33.0
KY,21059,31176.0,391.0
KY,21061,2563.0,47.0
KY,21063,2594.0,19.0
KY,21065,4120.0,50.0
KY,21067,95993.0,609.0
KY,21069,3928.0,59.0
KY,21071,12571.0,206.0
KY,21073,13911.0,153.0
KY,21075,1218.0,31.0
KY,21077,2221.0,51.0
KY,21079,4815.0,78.0
KY,21081,7855.0,62.0
KY,21083,11355.0,181.0
KY,21085,8121.0,134.0
KY,21087,3761.0,45.0
KY,21089,12124.0,145.0
KY,21091,2498.0,25.0
KY,21093,32778.0,434.0
KY,21095,9222.0,211.0
KY,21097,6417.0,76.0
KY,21099,5428.0,101.0
KY,21101,13972.0,168.0
KY,21103,4836.0,52.0
KY,21105,879.0,27.0
KY,21107,14975.0,255.0
KY,21109,4286.0,80.0
KY,21111,234899.0,2357.0
KY,21113,15289.0,139.0
KY,21115,6173.0,118.0
KY,21117,46264.0,415.0
KY,21119,4233.0,64.0
KY,21121,11523.0,144.0
KY,21123,3741.0,73.0
KY,21125,20315.0,242.0
KY,21127,4550.0,69.0
KY,21129,2951.0,52.0
KY,21131,3724.0,49.0
KY,21133,7140.0,114.0
KY,21135,4529.0,86.0
KY,21137,6487.0,137.0
KY,21139,2482.0,61.0
KY,21141,8369.0,126.0
KY,21143,2881.0,34.0
KY,21145,18812.0,263.0
KY,21147,5727.0,82.0
KY,21149,2621.0,53.0
KY,21151,27833.0,280.0
KY,21153,3950.0,51.0
KY,21155,6433.0,85.0
KY,21157,8421.0,112.0
KY,21159,3308.0,49.0
KY,21161,5017.0,105.0
KY,21163,5821.0,66.0
KY,21165,1706.0,32.0
KY,21167,7401.0,106.0
KY,21169,2875.0,64.0
KY,21171,3624.0,77.0
KY,21173,8200.0,108.0
KY,21175,5272.0,28.0
KY,21177,10190.0,121.0
KY,21179,14507.0,153.0
KY,21181,2105.0,31.0
KY,21183,7313.0,103.0
KY,21185,18515.0,145.0
KY,21187,2370.0,34.0
KY,21189,1575.0,27.0
KY,21191,3498.0,38.0
KY,21193,11040.0,178.0
KY,21195,19099.0,307.0
KY,21197,4782.0,44.0
KY,21199,18157.0,293.0
KY,21201,672.0,21.0
KY,21203,5059.0,59.0
KY,21205,6739.0,69.0
KY,21207,6446.0,87.0
KY,21209,17723.0,109.0
KY,21211,13410.0,162.0
KY,21213,5635.0,94.0
KY,21215,5384.0,59.0
KY,21217,9492.0,124.0
KY,21219,2987.0,43.0
KY,21221,4016.0,44.0
KY,21223,2217.0,40.0
KY,21225,4341.0,57.0
KY,21227,43102.0,372.0
KY,21229,3967.0,61.0
KY,21231,6107.0,92.0
KY,21233,3914.0,49.0
KY,21235,14412.0,199.0
KY,21237,2532.0,28.0
KY,21239,6978.0,49.0
LA,22001,15906.0,294.0
LA,22003,7880.0,141.0
LA,22005,35030.0,293.0
LA,22007,5575.0,70.0
LA,22009,11600.0,208.0
LA,22011,9271.0,143.0
LA,22013,3992.0,111.0
LA,22015,37689.0,494.0
LA,22017,67560.0,1156.0
LA,22019,54862.0,706.0
LA,22021,3625.0,55.0
LA,22023,1199.0,9.0
LA,22025,2700.0,55.0
LA,22027,3280.0,78.0
LA,22029,5103.0,89.0
LA,22031,7362.0,135.0
LA,22033,111670.0,1349.0
LA,22035,2538.0,38.0
LA,22037,7324.0,170.0
LA,22039,8398.0,159.0
LA,22041,7352.0,178.0
LA,22043,5861.0,94.0
LA,22045,19149.0,264.0
LA,22047,9023.0,153.0
LA,22049,4409.0,76.0
LA,22051,115373.0,1341.0
LA,22053,6942.0,157.0
LA,22055,62873.0,500.0
LA,22057,27889.0,372.0
LA,22059,4275.0,61.0
LA,22061,12269.0,145.0
LA,22063,37238.0,466.0
LA,22065,3264.0,59.0
LA,22067,6871.0,134.0
LA,22069,10162.0,167.0
LA,22071,90328.0,1109.0
LA,22073,50769.0,754.0
LA,22075,6509.0,45.0
LA,22077,6297.0,94.0
LA,22079,32791.0,577.0
LA,22081,2112.0,53.0
LA,22083,6732.0,97.0
LA,22085,6343.0,113.0
LA,22087,11439.0,111.0
LA,22089,13920.0,145.0
LA,22091,1920.0,23.0
LA,22093,5805.0,77.0
LA,22095,10628.0,184.0
LA,22097,22279.0,416.0
LA,22099,12985.0,188.0
LA,22101,12526.0,262.0
LA,22103,73066.0,851.0
LA,22105,34885.0,599.0
LA,22107,988.0,11.0
LA,22109,31012.0,419.0
LA,22111,6928.0,135.0
LA,22113,15334.0,224.0
LA,22115,9939.0,191.0
LA,22117,12994.0,249.0
LA,22119,11145.0,186.0
LA,22121,7335.0,90.0
LA,22123,3629.0,66.0
LA,22125,2835.0,46.0
LA,22127,4452.0,64.0
MA,25001,37644.0,683.0
MA,25003,26169.0,410.0
MA,25005,154820.0,2488.0
MA,25007,3587.0,2.0
MA,25009,214332.0,3163.0
MA,25011,11403.0,170.0
MA,25013,139047.0,2077.0
MA,25015,30837.0,413.0
MA,25017,352032.0,4726.0
MA,25019,3481.0,3.0
MA,25021,141128.0,2242.0
MA,25023,120081.0,2001.0
MA,25025,226017.0,2309.0
MA,25027,201669.0,3048.0
MD,24001,17291.0,362.0
MD,24003,92830.0,1078.0
MD,24005,136295.0,2484.0
MD,24009,11468.0,146.0
MD,24011,6159.0,80.0
MD,24013,22141.0,409.0
MD,24015,15906.0,259.0
MD,24017,28950.0,353.0
MD,24019,7819.0,108.0
MD,24021,46920.0,525.0
MD,24023,5761.0,116.0
MD,24025,39423.0,582.0
MD,24027,46124.0,378.0
MD,24029,3122.0,66.0
MD,24031,178052.0,2044.0
MD,24033,175401.0,2163.0
MD,24035,7246.0,110.0
MD,24037,19329.0,217.0
MD,24039,5267.0,74.0
MD,24041,5702.0,88.0
MD,24043,35434.0,586.0
MD,24045,20013.0,328.0
MD,24047,8826.0,160.0
MD,24510,116724.0,1777.0
ME,23001,23257.0,285.0
ME,23003,14393.0,166.0
ME,23005,52557.0,366.0
ME,23007,6014.0,60.0
ME,23009,7983.0,87.0
ME,23011,24799.0,240.0
ME,23013,6414.0,38.0
ME,23015,5578.0,35.0
ME,23017,11799.0,148.0
ME,23019,29710.0,331.0
ME,23021,3112.0,31.0
ME,23023,5531.0,32.0
ME,23025,10213.0,110.0
ME,23027,6467.0,58.0
ME,23029,4585.0,57.0
ME,23031,41973.0,291.0
MI,26001,1745.0,71.0
MI,26003,1880.0,13.0
MI,26005,27448.0,349.0
MI,26007,5809.0,139.0
MI,26009,4470.0,66.0
MI,26011,3267.0,67.0
MI,26013,2222.0,54.0
MI,26015,14514.0,169.0
MI,26017,27496.0,588.0
MI,26019,3514.0,68.0
MI,26021,35344.0,561.0
MI,26023,12253.0,206.0
MI,26025,35011.0,575.0
MI,26027,11215.0,145.0
MI,26029,5014.0,60.0
MI,26031,4760.0,104.0
MI,26033,11841.0,120.0
MI,26035,6834.0,157.0
MI,26037,22007.0,209.0
MI,26039,2629.0,31.0
MI,26041,10050.0,157.0
MI,26043,7490.0,110.0
MI,26045,27518.0,403.0
MI,26047,6608.0,87.0
MI,26049,103601.0,1720.0
MI,26051,5632.0,114.0
MI,26053,3296.0,69.0
MI,26055,17858.0,236.0
MI,26057,13864.0,192.0
MI,26059,10453.0,204.0
MI,26061,7982.0,92.0
MI,26063,8138.0,147.0
MI,26065,66384.0,769.0
MI,26067,19843.0,181.0
MI,26069,4860.0,145.0
MI,26071,2673.0,87.0
MI,26073,15890.0,211.0
MI,26075,45532.0,590.0
MI,26077,60792.0,675.0
MI,26079,3623.0,61.0
MI,26081,170251.0,1533.0
MI,26083,523.0,14.0
MI,26085,1893.0,37.0
MI,26087,21122.0,427.0
MI,26089,3697.0,55.0
MI,26091,26611.0,331.0
MI,26093,47690.0,451.0
MI,26095,2306.0,14.0
MI,26097,2479.0,31.0
MI,26099,238947.0,3970.0
MI,26101,4550.0,91.0
MI,26103,16276.0,131.0
MI,26105,6873.0,96.0
MI,26107,8784.0,108.0
MI,26109,5693.0,70.0
MI,26111,19428.0,226.0
MI,26113,2946.0,60.0
MI,26115,39169.0,475.0
MI,26117,17350.0,216.0
MI,26119,1750.0,48.0
MI,26121,42498.0,650.0
MI,26123,11622.0,158.0
MI,26125,300744.0,3851.0
MI,26127,6422.0,90.0
MI,26129,4372.0,106.0
MI,26131,1008.0,38.0
MI,26133,5067.0,80.0
MI,26135,1450.0,56.0
MI,26137,5779.0,101.0
MI,26139,76277.0,788.0
MI,26141,2085.0,59.0
MI,26143,4690.0,115.0
MI,26145,51303.0,956.0
MI,26147,41609.0,835.0
MI,26149,13812.0,208.0
MI,26151,8827.0,193.0
MI,26153,1763.0,17.0
MI,26155,18142.0,232.0
MI,26157,13350.0,277.0
MI,26159,17347.0,273.0
MI,26161,83317.0,522.0
MI,26163,416604.0,7975.0
MI,26165,7169.0,107.0
MN,27001,3049.0,62.0
MN,27003,100743.0,797.0
MN,27005,8934.0,93.0
MN,27007,12179.0,128.0
MN,27009,14298.0,174.0
MN,27011,1425.0,9.0
MN,27013,18332.0,101.0
MN,27015,6624.0,81.0
MN,27017,9257.0,97.0
MN,27019,27480.0,117.0
MN,27021,7123.0,81.0
MN,27023,3128.0,48.0
MN,27025,14845.0,120.0
MN,27027,20161.0,124.0
MN,27029,2175.0,30.0
MN,27031,594.0,4.0
MN,27033,3253.0,41.0
MN,27035,16266.0,170.0
MN,27037,113641.0,775.0
MN,27039,5888.0,21.0
MN,27041,11106.0,117.0
MN,27043,3843.0,52.0
MN,27045,4921.0,24.0
MN,27047,9250.0,75.0
MN,27049,13600.0,136.0
MN,27051,1506.0,12.0
MN,27053,312909.0,2593.0
MN,27055,4660.0,19.0
MN,27057,5010.0,59.0
MN,27059,10263.0,117.0
MN,27061,11229.0,146.0
MN,27063,2167.0,17.0
MN,27065,3575.0,57.0
MN,27067,13649.0,139.0
MN,27069,1051.0,27.0
MN,27071,2796.0,37.0
MN,27073,1764.0,29.0
MN,27075,2138.0,28.0
MN,27077,779.0,6.0
MN,27079,6586.0,51.0
MN,27081,1220.0,6.0
MN,27083,7131.0,73.0
MN,27085,10753.0,108.0
MN,27087,1803.0,18.0
MN,27089,2122.0,23.0
MN,27091,5685.0,65.0
MN,27093,5998.0,75.0
MN,27095,7356.0,114.0
MN,27097,9262.0,105.0
MN,27099,12083.0,74.0
MN,27101,2043.0,16.0
MN,27103,8305.0,66.0
MN,27105,6981.0,60.0
MN,27107,1535.0,14.0
MN,27109,43593.0,185.0
MN,27111,13763.0,167.0
MN,27113,3687.0,41.0
MN,27115,7175.0,67.0
MN,27117,2013.0,34.0
MN,27119,8950.0,107.0
MN,27121,3119.0,17.0
MN,27123,129009.0,1348.0
MN,27125,953.0,13.0
MN,27127,3985.0,54.0
MN,27129,3783.0,56.0
MN,27131,18357.0,176.0
MN,27133,2348.0,34.0
MN,27135,4524.0,44.0
MN,27137,48555.0,533.0
MN,27139,41236.0,261.0
MN,27141,27636.0,181.0
MN,27143,3596.0,24.0
MN,27145,51693.0,368.0
MN,27147,10657.0,62.0
MN,27149,2675.0,13.0
MN,27151,2313.0,33.0
MN,27153,6898.0,58.0
MN,27155,871.0,10.0
MN,27157,5795.0,16.0
MN,27159,4261.0,55.0
MN,27161,5587.0,39.0
MN,27163,69180.0,481.0
MN,27165,2990.0,23.0
MN,27167,1662.0,22.0
MN,27169,13109.0,72.0
MN,27171,37182.0,305.0
MN,27173,2580.0,29.0
MO,29001,6095.0,63.0
MO,29003,4828.0,58.0
MO,29005,1390.0,23.0
MO,29007,5734.0,111.0
MO,29009,6648.0,132.0
MO,29011,2859.0,52.0
MO,29013,3766.0,96.0
MO,29015,4248.0,107.0
MO,29017,2635.0,41.0
MO,29019,45035.0,252.0
MO,29021,24863.0,318.0
MO,29023,10206.0,169.0
MO,29025,1700.0,39.0
MO,29027,12150.0,130.0
MO,29029,9331.0,180.0
MO,29031,18923.0,246.0
MO,29033,2233.0,44.0
MO,29035,1500.0,24.0
MO,29037,25249.0,315.0
MO,29039,2936.0,57.0
MO,29041,1718.0,38.0
MO,29043,20961.0,263.0
MO,29045,1597.0,37.0
MO,29047,27390.0,363.0
MO,29049,4829.0,119.0
MO,29051,20202.0,286.0
MO,29053,4142.0,77.0
MO,29055,5422.0,104.0
MO,29057,1447.0,42.0
MO,29059,3826.0,72.0
MO,29061,1730.0,29.0
MO,29063,2222.0,47.0
MO,29065,3263.0,83.0
MO,29067,2560.0,80.0
MO,29069,7824.0,117.0
MO,29071,25852.0,373.0
MO,29073,3385.0,102.0
MO,29075,2172.0,31.0
MO,29077,71775.0,1040.0
MO,29079,2543.0,69.0
MO,29081,1876.0,33.0
MO,29083,5758.0,86.0
MO,29085,1838.0,56.0
MO,29087,1060.0,30.0
MO,29089,2515.0,30.0
MO,29091,9185.0,215.0
MO,29093,2200.0,44.0
MO,29095,97164.0,1217.0
MO,29097,20879.0,317.0
MO,29099,54493.0,653.0
MO,29101,12251.0,143.0
MO,29103,990.0,14.0
MO,29105,8102.0,176.0
MO,29107,7832.0,134.0
MO,29109,7798.0,164.0
MO,29111,2796.0,36.0
MO,29113,15187.0,138.0
MO,29115,2560.0,65.0
MO,29117,3751.0,97.0
MO,29119,5813.0,73.0
MO,29121,3652.0,58.0
MO,29123,3622.0,57.0
MO,29125,1606.0,39.0
MO,29127,8051.0,118.0
MO,29129,704.0,14.0
MO,29131,6123.0,123.0
MO,29133,3521.0,59.0
MO,29135,3838.0,57.0
MO,29137,2180.0,43.0
MO,29139,2548.0,57.0
MO,29141,4053.0,115.0
MO,29143,5036.0,86.0
MO,29145,11768.0,206.0
MO,29147,6089.0,44.0
MO,29149,2024.0,33.0
MO,29151,3230.0,46.0
MO,29153,1735.0,58.0
MO,29155,3013.0,74.0
MO,29157,5059.0,46.0
MO,29159,12392.0,168.0
MO,29161,10317.0,243.0
MO,29163,4264.0,63.0
MO,29165,10580.0,102.0
MO,29167,8073.0,108.0
MO,29169,8918.0,116.0
MO,29171,1013.0,24.0
MO,29173,2470.0,28.0
MO,29175,6058.0,103.0
MO,29177,5221.0,94.0
MO,29179,1165.0,26.0
MO,29181,2697.0,61.0
MO,29183,103932.0,938.0
MO,29185,2102.0,36.0
MO,29186,3689.0,39.0
MO,29187,19117.0,296.0
MO,29189,227453.0,3342.0
MO,29195,6288.0,107.0
MO,29197,740.0,26.0
MO,29199,683.0,18.0
MO,29201,11133.0,161.0
MO,29203,1609.0,40.0
MO,29205,1603.0,15.0
MO,29207,6139.0,130.0
MO,29209,5829.0,122.0
MO,29211,1715.0,22.0
MO,29213,13382.0,226.0
MO,29215,4732.0,102.0
MO,29217,5104.0,109.0
MO,29219,8200.0,102.0
MO,29221,6032.0,141.0
MO,29223,2406.0,53.0
MO,29225,9053.0,148.0
MO,29227,407.0,3.0
MO,29229,3847.0,84.0
MO,29510,58089.0,780.0
MP,69110,10397.0,33.0
MP,69120,341.0,0.0
MS,28001,7224.0,143.0
MS,28003,10080.0,160.0
MS,28005,3259.0,69.0
MS,28007,5361.0,113.0
MS,28009,2274.0,49.0
MS,28011,9354.0,179.0
MS,28013,4641.0,71.0
MS,28015,2565.0,54.0
MS,28017,5603.0,96.0
MS,28019,2318.0,33.0
MS,28021,2152.0,46.0
MS,28023,4239.0,108.0
MS,28025,4974.0,98.0
MS,28027,6486.0,126.0
MS,28029,7287.0,121.0
MS,28031,7086.0,113.0
MS,28033,50344.0,554.0
MS,28035,22076.0,315.0
MS,28037,1927.0,38.0
MS,28039,7163.0,87.0
MS,28041,3198.0,59.0
MS,28043,5533.0,131.0
MS,28045,12277.0,152.0
MS,28047,53859.0,665.0
MS,28049,52682.0,791.0
MS,28051,4455.0,104.0
MS,28053,2030.0,46.0
MS,28055,262.0,9.0
MS,28057,7430.0,144.0
MS,28059,37055.0,463.0
MS,28061,4943.0,75.0
MS,28063,1494.0,37.0
MS,28065,2865.0,53.0
MS,28067,21234.0,295.0
MS,28069,2187.0,48.0
MS,28071,15364.0,179.0
MS,28073,17441.0,160.0
MS,28075,18898.0,367.0
MS,28077,3590.0,56.0
MS,28079,6427.0,120.0
MS,28081,26783.0,301.0
MS,28083,7326.0,169.0
MS,28085,8324.0,157.0
MS,28087,17528.0,238.0
MS,28089,24189.0,329.0
MS,28091,6974.0,135.0
MS,28093,9941.0,174.0
MS,28095,10997.0,220.0
MS,28097,2963.0,77.0
MS,28099,10622.0,241.0
MS,28101,6059.0,98.0
MS,28103,2730.0,48.0
MS,28105,11127.0,162.0
MS,28107,10566.0,169.0
MS,28109,15151.0,275.0
MS,28111,3048.0,64.0
MS,28113,9751.0,189.0
MS,28115,10364.0,145.0
MS,28117,8245.0,103.0
MS,28119,1579.0,31.0
MS,28121,36738.0,489.0
MS,28123,6559.0,119.0
MS,28125,953.0,26.0
MS,28127,7026.0,149.0
MS,28129,4127.0,68.0
MS,28131,5409.0,71.0
MS,28133,5773.0,125.0
MS,28135,3203.0,60.0
MS,28137,7396.0,143.0
MS,28139,7361.0,109.0
MS,28141,6172.0,122.0
MS,28143,2559.0,48.0
MS,28145,9487.0,122.0
MS,28147,3622.0,79.0
MS,28149,10250.0,202.0
MS,28151,10470.0,199.0
MS,28153,6008.0,87.0
MS,28155,3388.0,70.0
MS,28157,1804.0,46.0
MS,28159,5231.0,104.0
MS,28161,4114.0,57.0
MS,28163,8054.0,107.0
MT,30001,2137.0,30.0
MT,30003,4980.0,96.0
MT,30005,2077.0,32.0
MT,30007,1283.0,21.0
MT,30009,2080.0,28.0
MT,30011,252.0,5.0
MT,30013,25246.0,341.0
MT,30015,992.0,14.0
MT,30017,3062.0,48.0
MT,30019,386.0,9.0
MT,30021,2357.0,58.0
MT,30023,2563.0,29.0
MT,30025,680.0,10.0
MT,30027,2515.0,56.0
MT,30029,29318.0,281.0
MT,30031,34972.0,123.0
MT,30033,225.0,3.0
MT,30035,3978.0,74.0
MT,30037,150.0,5.0
MT,30039,537.0,9.0
MT,30041,4574.0,73.0
MT,30043,2601.0,23.0
MT,30045,225.0,1.0
MT,30047,6634.0,100.0
MT,30049,17709.0,185.0
MT,30051,398.0,4.0
MT,30053,4787.0,89.0
MT,30055,386.0,9.0
MT,30057,1819.0,20.0
MT,30059,412.0,10.0
MT,30061,1100.0,17.0
MT,30063,27678.0,209.0
MT,30065,917.0,31.0
MT,30067,4260.0,35.0
MT,30069,35.0,1.0
MT,30071,1062.0,28.0
MT,30073,1183.0,8.0
MT,30075,344.0,10.0
MT,30077,1872.0,29.0
MT,30079,263.0,3.0
MT,30081,7089.0,164.0
MT,30083,2646.0,35.0
MT,30085,3279.0,74.0
MT,30087,2633.0,60.0
MT,30089,2164.0,47.0
MT,30091,699.0,11.0
MT,30093,8511.0,130.0
MT,30095,1538.0,32.0
MT,30097,785.0,13.0
MT,30099,1290.0,24.0
MT,30101,1249.0,24.0
MT,30103,136.0,1.0
MT,30105,1705.0,37.0
MT,30107,386.0,14.0
MT,30109,204.0,8.0
MT,30111,43099.0,551.0
NC,37001,47756.0,488.0
NC,37003,10479.0,139.0
NC,37005,2981.0,16.0
NC,37007,6567.0,101.0
NC,37009,6471.0,78.0
NC,37011,4621.0,44.0
NC,37013,12715.0,172.0
NC,37015,4277.0,68.0
NC,37017,9365.0,127.0
NC,37019,30542.0,332.0
NC,37021,54155.0,593.0
NC,37023,25399.0,327.0
NC,37025,56620.0,494.0
NC,37027,22411.0,308.0
NC,37029,1786.0,9.0
NC,37031,14255.0,125.0
NC,37033,5357.0,48.0
NC,37035,47959.0,600.0
NC,37037,13262.0,115.0
NC,37039,7126.0,122.0
NC,37041,4160.0,61.0
NC,37043,2645.0,44.0
NC,37045,29743.0,387.0
NC,37047,15997.0,269.0
NC,37049,24698.0,207.0
NC,37051,87898.0,630.0
NC,37053,5051.0,36.0
NC,37055,7565.0,27.0
NC,37057,43561.0,430.0
NC,37059,11315.0,104.0
NC,37061,16909.0,245.0
NC,37063,76734.0,340.0
NC,37065,13616.0,154.0
NC,37067,94312.0,824.0
NC,37069,20719.0,79.0
NC,37071,65857.0,850.0
NC,37073,1926.0,20.0
NC,37075,2310.0,31.0
NC,37077,14536.0,115.0
NC,37079,5826.0,67.0
NC,37081,121303.0,1208.0
NC,37083,14035.0,187.0
NC,37085,33797.0,341.0
NC,37087,13175.0,221.0
NC,37089,25284.0,316.0
NC,37091,4779.0,84.0
NC,37093,15074.0,116.0
NC,37095,1340.0,13.0
NC,37097,49004.0,466.0
NC,37099,9794.0,96.0
NC,37101,60301.0,452.0
NC,37103,2235.0,39.0
NC,37105,16113.0,151.0
NC,37107,15839.0,220.0
NC,37109,24543.0,174.0
NC,37111,13855.0,176.0
NC,37113,7978.0,121.0
NC,37115,5186.0,81.0
NC,37117,6112.0,93.0
NC,37119,284986.0,1622.0
NC,37121,3474.0,37.0
NC,37123,7308.0,129.0
NC,37125,24595.0,324.0
NC,37127,26901.0,309.0
NC,37129,51432.0,394.0
NC,37131,4351.0,84.0
NC,37133,52306.0,378.0
NC,37135,28209.0,134.0
NC,37137,2630.0,28.0
NC,37139,8571.0,125.0
NC,37141,15405.0,128.0
NC,37143,2780.0,24.0
NC,37145,9449.0,109.0
NC,37147,52792.0,207.0
NC,37149,3918.0,64.0
NC,37151,35874.0,444.0
NC,37153,12917.0,193.0
NC,37155,40690.0,538.0
NC,37157,22198.0,294.0
NC,37159,41591.0,581.0
NC,37161,17579.0,401.0
NC,37163,18913.0,183.0
NC,37165,10125.0,132.0
NC,37167,19435.0,261.0
NC,37169,11315.0,180.0
NC,37171,21231.0,350.0
NC,37173,3715.0,43.0
NC,37175,6199.0,77.0
NC,37177,982.0,8.0
NC,37179,62697.0,490.0
NC,37181,11936.0,122.0
NC,37183,300453.0,1119.0
NC,37185,4381.0,45.0
NC,37187,3056.0,50.0
NC,37189,12877.0,68.0
NC,37191,31560.0,405.0
NC,37193,17625.0,264.0
NC,37195,21886.0,316.0
NC,37197,11048.0,120.0
NC,37199,5353.0,57.0
ND,38001,598.0,10.0
ND,38003,3024.0,47.0
ND,38005,1980.0,23.0
ND,38007,145.0,1.0
ND,38009,1598.0,26.0
ND,38011,829.0,9.0
ND,38013,433.0,3.0
ND,38015,35087.0,303.0
ND,38017,59940.0,333.0
ND,38019,822.0,7.0
ND,38021,1496.0,39.0
ND,38023,459.0,4.0
ND,38025,1041.0,8.0
ND,38027,761.0,6.0
ND,38029,728.0,18.0
ND,38031,992.0,23.0
ND,38033,477.0,4.0
ND,38035,22468.0,125.0
ND,38037,453.0,11.0
ND,38039,583.0,3.0
ND,38041,831.0,8.0
ND,38043,510.0,13.0
ND,38045,1015.0,20.0
ND,38047,436.0,12.0
ND,38049,1318.0,31.0
ND,38051,688.0,9.0
ND,38053,3272.0,25.0
ND,38055,2737.0,49.0
ND,38057,2577.0,24.0
ND,38059,11274.0,142.0
ND,38061,3254.0,37.0
ND,38063,768.0,18.0
ND,38065,329.0,5.0
ND,38067,1996.0,16.0
ND,38069,1065.0,32.0
ND,38071,3638.0,57.0
ND,38073,1515.0,28.0
ND,38075,556.0,15.0
ND,38077,4108.0,23.0
ND,38079,6121.0,43.0
ND,38081,1031.0,9.0
ND,38083,299.0,7.0
ND,38085,1350.0,19.0
ND,38087,64.0,0.0
ND,38089,11683.0,86.0
ND,38091,388.0,2.0
ND,38093,7113.0,97.0
ND,38095,641.0,12.0
ND,38097,2205.0,26.0
ND,38099,3374.0,34.0
ND,38101,20887.0,252.0
ND,38103,1018.0,12.0
ND,38105,10496.0,68.0
NE,31001,6660.0,73.0
NE,31003,1119.0,14.0
NE,31005,32.0,1.0
NE,31007,94.0,2.0
NE,31009,69.0,3.0
NE,31011,1112.0,5.0
NE,31013,2359.0,17.0
NE,31015,410.0,7.0
NE,31017,523.0,4.0
NE,31019,12080.0,102.0
NE,31021,1351.0,16.0
NE,31023,1934.0,18.0
NE,31025,6141.0,42.0
NE,31027,1528.0,14.0
NE,31029,749.0,7.0
NE,31031,546.0,10.0
NE,31033,2049.0,24.0
NE,31035,1517.0,24.0
NE,31037,2741.0,27.0
NE,31039,1834.0,15.0
NE,31041,2042.0,30.0
NE,31043,6909.0,82.0
NE,31045,1387.0,21.0
NE,31047,5303.0,44.0
NE,31049,325.0,2.0
NE,31051,1207.0,11.0
NE,31053,10168.0,108.0
NE,31055,151824.0,1119.0
NE,31057,350.0,6.0
NE,31059,1164.0,13.0
NE,31061,422.0,12.0
NE,31063,543.0,3.0
NE,31065,1126.0,8.0
NE,31067,3602.0,44.0
NE,31069,376.0,1.0
NE,31071,403.0,4.0
NE,31073,381.0,7.0
NE,31075,107.0,5.0
NE,31077,418.0,2.0
NE,31079,16597.0,140.0
NE,31081,2276.0,24.0
NE,31083,401.0,3.0
NE,31085,113.0,0.0
NE,31087,544.0,8.0
NE,31089,2179.0,20.0
NE,31091,114.0,5.0
NE,31093,1191.0,17.0
NE,31095,1216.0,7.0
NE,31097,895.0,10.0
NE,31099,1227.0,9.0
NE,31101,1549.0,20.0
NE,31103,119.0,0.0
NE,31105,776.0,9.0
NE,31107,1694.0,13.0
NE,31109,78941.0,440.0
NE,31111,8730.0,110.0
NE,31113,149.0,0.0
NE,31115,99.0,0.0
NE,31117,75.0,1.0
NE,31119,9705.0,69.0
NE,31121,1719.0,17.0
NE,31123,1262.0,21.0
NE,31125,819.0,12.0
NE,31127,1535.0,20.0
NE,31129,980.0,13.0
NE,31131,3385.0,19.0
NE,31133,422.0,4.0
NE,31135,541.0,12.0
NE,31137,2353.0,14.0
NE,31139,1295.0,21.0
NE,31141,8706.0,75.0
NE,31143,1250.0,18.0
NE,31145,2368.0,20.0
NE,31147,1839.0,24.0
NE,31149,179.0,2.0
NE,31151,3812.0,12.0
NE,31153,49925.0,276.0
NE,31155,5039.0,30.0
NE,31157,9997.0,102.0
NE,31159,3415.0,42.0
NE,31161,1011.0,23.0
NE,31163,587.0,4.0
NE,31165,82.0,1.0
NE,31167,779.0,11.0
NE,31169,1110.0,8.0
NE,31171,101.0,1.0
NE,31173,1798.0,23.0
NE,31175,754.0,6.0
NE,31177,4598.0,45.0
NE,31179,1861.0,11.0
NE,31181,715.0,11.0
NE,31183,127.0,2.0
NE,31185,3954.0,21.0
NH,33001,14152.0,178.0
NH,33003,9865.0,62.0
NH,33005,15674.0,112.0
NH,33007,7140.0,113.0
NH,33009,19227.0,68.0
NH,33011,101728.0,916.0
NH,33013,33415.0,230.0
NH,33015,70405.0,542.0
NH,33017,30978.0,210.0
NH,33019,9725.0,68.0
NJ,34001,70482.0,997.0
NJ,34003,239353.0,3458.0
NJ,34005,106935.0,1210.0
NJ,34007,130289.0,1807.0
NJ,34009,22796.0,304.0
NJ,34011,40389.0,605.0
NJ,34013,222558.0,3614.0
NJ,34015,71942.0,968.0
NJ,34017,179135.0,2723.0
NJ,34019,26017.0,275.0
NJ,34021,80988.0,1261.0
NJ,34023,204363.0,2877.0
NJ,34025,172251.0,2180.0
NJ,34027,125971.0,1550.0
NJ,34029,168238.0,2975.0
NJ,34031,149761.0,2337.0
NJ,34033,14662.0,250.0
NJ,34035,72382.0,975.0
NJ,34037,35481.0,476.0
NJ,34039,151057.0,2357.0
NJ,34041,24838.0,342.0
NM,35001,149543.0,1854.0
NM,35003,421.0,14.0
NM,35005,21774.0,328.0
NM,35006,8048.0,189.0
NM,35007,2708.0,65.0
NM,35009,12797.0,198.0
NM,35011,589.0,6.0
NM,35013,63972.0,773.0
NM,35015,17069.0,282.0
NM,35017,6748.0,90.0
NM,35019,1482.0,17.0
NM,35021,85.0,4.0
NM,35023,1104.0,15.0
NM,35025,20174.0,342.0
NM,35027,5296.0,67.0
NM,35028,2880.0,16.0
NM,35029,6725.0,129.0
NM,35031,26007.0,589.0
NM,35033,772.0,18.0
NM,35035,15613.0,187.0
NM,35037,2006.0,54.0
NM,35039,10047.0,135.0
NM,35041,5023.0,97.0
NM,35043,34112.0,436.0
NM,35045,40943.0,755.0
NM,35047,5926.0,63.0
NM,35049,29503.0,287.0
NM,35051,2048.0,73.0
NM,35053,3834.0,88.0
NM,35055,5425.0,90.0
NM,35057,3152.0,56.0
NM,35059,1008.0,16.0
NM,35061,19238.0,276.0
NV,32001,6599.0,110.0
NV,32003,543811.0,8458.0
NV,32005,7960.0,92.0
NV,32007,12342.0,138.0
NV,32009,109.0,4.0
NV,32011,309.0,2.0
NV,32013,4509.0,54.0
NV,32015,1189.0,21.0
NV,32017,995.0,7.0
NV,32019,10750.0,175.0
NV,32021,1267.0,17.0
NV,32023,7514.0,241.0
NV,32027,2130.0,29.0
NV,32029,345.0,11.0
NV,32031,105973.0,1202.0
NV,32033,1947.0,20.0
NV,32510,15052.0,218.0
NY,36001,63461.0,523.0
NY,36003,9275.0,155.0
NY,36005,395833.0,6880.0
NY,36007,48947.0,520.0
NY,36009,16113.0,222.0
NY,36011,17375.0,152.0
NY,36013,24556.0,302.0
NY,36015,22603.0,233.0
NY,36017,9858.0,121.0
NY,36019,18034.0,90.0
NY,36021,10772.0,141.0
NY,36023,11365.0,120.0
NY,36025,8261.0,72.0
NY,36027,66962.0,659.0
NY,36029,227059.0,2651.0
NY,36031,6124.0,61.0
NY,36033,10059.0,46.0
NY,36035,13428.0,169.0
NY,36037,14395.0,187.0
NY,36039,9055.0,130.0
NY,36041,919.0,5.0
NY,36043,14827.0,193.0
NY,36045,21422.0,138.0
NY,36047,725295.0,11312.0
NY,36049,6417.0,49.0
NY,36051,12324.0,118.0
NY,36053,14319.0,127.0
NY,36055,163464.0,1587.0
NY,36057,12471.0,205.0
NY,36059,425386.0,3853.0
NY,36061,438681.0,4905.0
NY,36063,51069.0,585.0
NY,36065,58360.0,803.0
NY,36067,121727.0,1073.0
NY,36069,21586.0,180.0
NY,36071,111228.0,954.0
NY,36073,9116.0,117.0
NY,36075,28826.0,194.0
NY,36077,10667.0,88.0
NY,36079,24875.0,125.0
NY,36081,667342.0,10781.0
NY,36083,33850.0,259.0
NY,36085,171569.0,2217.0
NY,36087,96142.0,897.0
NY,36089,22454.0,191.0
NY,36091,49890.0,335.0
NY,36093,35317.0,305.0
NY,36095,5336.0,36.0
NY,36097,3724.0,25.0
NY,36099,6391.0,91.0
NY,36101,21216.0,253.0
NY,36103,444799.0,4399.0
NY,36105,19217.0,130.0
NY,36107,11719.0,85.0
NY,36109,21144.0,85.0
NY,36111,33856.0,365.0
NY,36113,14739.0,129.0
NY,36115,12875.0,115.0
NY,36117,18503.0,179.0
NY,36119,264447.0,2720.0
NY,36121,8692.0,84.0
NY,36123,3704.0,40.0
OH,39001,7022.0,148.0
OH,39003,27636.0,478.0
OH,39005,12109.0,218.0
OH,39007,20537.0,431.0
OH,39009,14852.0,142.0
OH,39011,11642.0,189.0
OH,39013,15805.0,309.0
OH,39015,11248.0,180.0
OH,39017,93927.0,1157.0
OH,39019,5291.0,126.0
OH,39021,8819.0,147.0
OH,39023,35217.0,586.0
OH,39025,51997.0,560.0
OH,39027,10410.0,168.0
OH,39029,24651.0,486.0
OH,39031,8008.0,159.0
OH,39033,11254.0,215.0
OH,39035,276160.0,3794.0
OH,39037,12442.0,239.0
OH,39039,10275.0,165.0
OH,39041,45538.0,272.0
OH,39043,19730.0,267.0
OH,39045,39082.0,430.0
OH,39047,7846.0,121.0
OH,39049,296037.0,2610.0
OH,39051,10436.0,180.0
OH,39053,7565.0,127.0
OH,39055,16413.0,265.0
OH,39057,38049.0,513.0
OH,39059,10567.0,151.0
OH,39061,191030.0,2069.0
OH,39063,17253.0,277.0
OH,39065,7138.0,158.0
OH,39067,3263.0,74.0
OH,39069,6485.0,106.0
OH,39071,10675.0,184.0
OH,39073,6731.0,123.0
OH,39075,5135.0,182.0
OH,39077,14626.0,222.0
OH,39079,8988.0,141.0
OH,39081,14900.0,322.0
OH,39083,13325.0,228.0
OH,39085,49961.0,737.0
OH,39087,18071.0,256.0
OH,39089,42276.0,475.0
OH,39091,10333.0,173.0
OH,39093,68382.0,981.0
OH,39095,103434.0,1420.0
OH,39097,9754.0,136.0
OH,39099,54021.0,1089.0
OH,39101,20070.0,268.0
OH,39103,40840.0,507.0
OH,39105,4686.0,88.0
OH,39107,9715.0,144.0
OH,39109,25909.0,483.0
OH,39111,3499.0,82.0
OH,39113,128090.0,2019.0
OH,39115,3278.0,60.0
OH,39117,7845.0,103.0
OH,39119,25481.0,294.0
OH,39121,3220.0,58.0
OH,39123,8618.0,138.0
OH,39125,4639.0,74.0
OH,39127,8356.0,125.0
OH,39129,17679.0,230.0
OH,39131,7493.0,123.0
OH,39133,35026.0,450.0
OH,39135,9494.0,201.0
OH,39137,8492.0,157.0
OH,39139,31806.0,508.0
OH,39141,19410.0,301.0
OH,39143,14015.0,238.0
OH,39145,20777.0,257.0
OH,39147,12869.0,230.0
OH,39149,11102.0,188.0
OH,39151,80794.0,1718.0
OH,39153,115094.0,1710.0
OH,39155,42078.0,941.0
OH,39157,20753.0,505.0
OH,39159,15952.0,102.0
OH,39161,6755.0,148.0
OH,39163,2918.0,55.0
OH,39165,58538.0,584.0
OH,39167,12409.0,207.0
OH,39169,23392.0,439.0
OH,39171,9090.0,164.0
OH,39173,32072.0,355.0
OH,39175,5441.0,105.0
OK,40001,8001.0,75.0
OK,40003,1716.0,15.0
OK,40005,3911.0,54.0
OK,40007,969.0,11.0
OK,40009,5983.0,107.0
OK,40011,2461.0,43.0
OK,40013,13672.0,136.0
OK,40015,8278.0,171.0
OK,40017,39889.0,390.0
OK,40019,14366.0,239.0
OK,40021,14532.0,151.0
OK,40023,4062.0,64.0
OK,40025,574.0,7.0
OK,40027,79713.0,822.0
OK,40029,1673.0,24.0
OK,40031,33173.0,397.0
OK,40033,1464.0,29.0
OK,40035,4785.0,55.0
OK,40037,18245.0,338.0
OK,40039,7935.0,169.0
OK,40041,11098.0,203.0
OK,40043,1064.0,32.0
OK,40045,774.0,8.0
OK,40047,15233.0,295.0
OK,40049,7068.0,148.0
OK,40051,13773.0,246.0
OK,40053,1036.0,16.0
OK,40055,1296.0,37.0
OK,40057,522.0,12.0
OK,40059,714.0,12.0
OK,40061,2796.0,41.0
OK,40063,2586.0,62.0
OK,40065,6575.0,108.0
OK,40067,1339.0,28.0
OK,40069,3041.0,54.0
OK,40071,12327.0,218.0
OK,40073,4178.0,71.0
OK,40075,1965.0,52.0
OK,40077,2273.0,36.0
OK,40079,12521.0,108.0
OK,40081,7897.0,140.0
OK,40083,10911.0,160.0
OK,40085,3109.0,39.0
OK,40087,11773.0,137.0
OK,40089,8117.0,166.0
OK,40091,4895.0,124.0
OK,40093,2465.0,41.0
OK,40095,4605.0,46.0
OK,40097,10399.0,163.0
OK,40099,4166.0,77.0
OK,40101,19987.0,348.0
OK,40103,3050.0,39.0
OK,40105,2785.0,40.0
OK,40107,3534.0,62.0
OK,40109,199990.0,2467.0
OK,40111,9686.0,188.0
OK,40113,10965.0,167.0
OK,40115,9204.0,127.0
OK,40117,4121.0,85.0
OK,40119,18463.0,166.0
OK,40121,10780.0,211.0
OK,40123,12132.0,150.0
OK,40125,20703.0,284.0
OK,40127,2677.0,45.0
OK,40129,892.0,16.0
OK,40131,25476.0,389.0
OK,40133,6142.0,135.0
OK,40135,10639.0,106.0
OK,40137,11374.0,205.0
OK,40139,5996.0,54.0
OK,40141,1532.0,35.0
OK,40143,172585.0,2183.0
OK,40145,21915.0,277.0
OK,40147,12718.0,262.0
OK,40149,2639.0,54.0
OK,40151,2354.0,38.0
OK,40153,5172.0,77.0
OR,41001,3231.0,48.0
OR,41003,16301.0,71.0
OR,41005,63827.0,632.0
OR,41007,4810.0,50.0
OR,41009,7987.0,95.0
OR,41011,10849.0,153.0
OR,41013,6158.0,79.0
OR,41015,3385.0,54.0
OR,41017,47906.0,286.0
OR,41019,20020.0,396.0
OR,41021,284.0,5.0
OR,41023,1704.0,22.0
OR,41025,1617.0,38.0
OR,41027,3698.0,44.0
OR,41029,43552.0,535.0
OR,41031,7319.0,92.0
OR,41033,16627.0,339.0
OR,41035,14285.0,222.0
OR,41037,1429.0,29.0
OR,41039,59853.0,541.0
OR,41041,7223.0,86.0
OR,41043,27257.0,268.0
OR,41045,8251.0,108.0
OR,41047,70744.0,721.0
OR,41049,2980.0,34.0
OR,41051,123906.0,1207.0
OR,41053,15778.0,134.0
OR,41055,321.0,6.0
OR,41057,3827.0,64.0
OR,41059,22545.0,225.0
OR,41061,5068.0,80.0
OR,41063,1267.0,16.0
OR,41065,5218.0,63.0
OR,41067,91092.0,594.0
OR,41069,246.0,3.0
OR,41071,18265.0,222.0
PA,42001,25114.0,364.0
PA,42003,271427.0,3323.0
PA,42005,15397.0,343.0
PA,42007,40744.0,745.0
PA,42009,11044.0,275.0
PA,42011,103652.0,1595.0
PA,42013,29924.0,616.0
PA,42015,16219.0,207.0
PA,42017,126504.0,1905.0
PA,42019,45173.0,743.0
PA,42021,34936.0,732.0
PA,42023,822.0,21.0
PA,42025,16188.0,294.0
PA,42027,36016.0,351.0
PA,42029,94968.0,1164.0
PA,42031,8323.0,203.0
PA,42033,19533.0,348.0
PA,42035,9157.0,127.0
PA,42037,15476.0,246.0
PA,42039,20080.0,320.0
PA,42041,51754.0,892.0
PA,42043,59830.0,964.0
PA,42045,113339.0,1875.0
PA,42047,7193.0,101.0
PA,42049,58218.0,760.0
PA,42051,31332.0,674.0
PA,42053,2250.0,35.0
PA,42055,40694.0,695.0
PA,42057,4153.0,65.0
PA,42059,8513.0,104.0
PA,42061,11594.0,249.0
PA,42063,17690.0,356.0
PA,42065,9121.0,235.0
PA,42067,4797.0,176.0
PA,42069,45137.0,776.0
PA,42071,122794.0,1890.0
PA,42073,19109.0,418.0
PA,42075,37011.0,518.0
PA,42077,91539.0,1246.0
PA,42079,75379.0,1366.0
PA,42081,28894.0,522.0
PA,42083,8298.0,141.0
PA,42085,23612.0,498.0
PA,42087,12348.0,276.0
PA,42089,37881.0,524.0
PA,42091,158154.0,2329.0
PA,42093,4637.0,93.0
PA,42095,81732.0,1097.0
PA,42097,23172.0,534.0
PA,42099,8873.0,185.0
PA,42101,317808.0,5110.0
PA,42103,10557.0,98.0
PA,42105,3256.0,92.0
PA,42107,34853.0,675.0
PA,42109,8149.0,158.0
PA,42111,18829.0,408.0
PA,42113,1092.0,36.0
PA,42115,8188.0,110.0
PA,42117,8270.0,193.0
PA,42119,11842.0,154.0
PA,42121,11406.0,241.0
PA,42123,7506.0,212.0
PA,42125,51747.0,654.0
PA,42127,10460.0,172.0
PA,42129,81006.0,1378.0
PA,42131,5257.0,106.0
PA,42133,120372.0,1502.0
PR,72001,2814.0,
PR,72003,7628.0,
PR,72005,8584.0,
PR,72007,4744.0,
PR,72009,4296.0,
PR,72011,4474.0,
PR,72013,15133.0,
PR,72015,2760.0,
PR,72017,4087.0,
PR,72019,5533.0,
PR,72021,39631.0,
PR,72023,6653.0,
PR,72025,25226.0,
PR,72027,6042.0,
PR,72029,7464.0,
PR,72031,32563.0,
PR,72033,4771.0,
PR,72035,7260.0,
PR,72037,1697.0,
PR,72039,3037.0,
PR,72041,7154.0,
PR,72043,5973.0,
PR,72045,3361.0,
PR,72047,7239.0,
PR,72049,208.0,
PR,72051,7845.0,
PR,72053,5408.0,
PR,72054,2900.0,
PR,72055,1805.0,
PR,72057,6344.0,
PR,72059,2808.0,
PR,72061,18499.0,
PR,72063,8681.0,
PR,72065,6305.0,
PR,72067,2477.0,
PR,72069,9262.0,
PR,72071,7653.0,
PR,72073,2896.0,
PR,72075,7671.0,
PR,72077,7321.0,
PR,72079,3359.0,
PR,72081,5066.0,
PR,72083,1391.0,
PR,72085,6386.0,
PR,72087,3826.0,
PR,72089,2927.0,
PR,72091,7181.0,
PR,72093,713.0,
PR,72095,1650.0,
PR,72097,11801.0,
PR,72099,7148.0,
PR,72101,5624.0,
PR,72103,3931.0,
PR,72105,5810.0,
PR,72107,3471.0,
PR,72109,2777.0,
PR,72111,2790.0,
PR,72113,21975.0,
PR,72115,4777.0,
PR,72117,2580.0,
PR,72119,8656.0,
PR,72121,3011.0,
PR,72123,4249.0,
PR,72125,4688.0,
PR,72127,67510.0,
PR,72129,6464.0,
PR,72131,7266.0,
PR,72133,3332.0,
PR,72135,13849.0,
PR,72137,14817.0,
PR,72139,11751.0,
PR,72141,4103.0,
PR,72143,7178.0,
PR,72145,11916.0,
PR,72147,935.0,
PR,72149,3999.0,
PR,72151,5508.0,
PR,72153,5442.0,
RI,44001,14360.0,169.0
RI,44003,50938.0,513.0
RI,44005,21237.0,94.0
RI,44007,229262.0,2535.0
RI,44009,34243.0,224.0
SC,45001,6655.0,70.0
SC,45003,41767.0,437.0
SC,45005,2093.0,24.0
SC,45007,58025.0,998.0
SC,45009,3446.0,75.0
SC,45011,5834.0,103.0
SC,45013,43530.0,380.0
SC,45015,52240.0,450.0
SC,45017,2799.0,61.0
SC,45019,112905.0,945.0
SC,45021,14761.0,322.0
SC,45023,10134.0,153.0
SC,45025,11836.0,191.0
SC,45027,8776.0,159.0
SC,45029,8913.0,221.0
SC,45031,18939.0,311.0
SC,45033,9729.0,144.0
SC,45035,56325.0,496.0
SC,45037,6779.0,71.0
SC,45039,6007.0,107.0
SC,45041,41861.0,631.0
SC,45043,15958.0,227.0
SC,45045,173338.0,2008.0
SC,45047,22607.0,305.0
SC,45049,5024.0,86.0
SC,45051,97534.0,1159.0
SC,45053,5924.0,93.0
SC,45055,21623.0,261.0
SC,45057,25276.0,281.0
SC,45059,18667.0,295.0
SC,45061,4272.0,95.0
SC,45063,96569.0,872.0
SC,45065,2244.0,40.0
SC,45067,8564.0,163.0
SC,45069,7880.0,105.0
SC,45071,13355.0,195.0
SC,45073,24348.0,343.0
SC,45075,23425.0,420.0
SC,45077,46111.0,632.0
SC,45079,123578.0,947.0
SC,45081,3968.0,78.0
SC,45083,95357.0,1548.0
SC,45085,28100.0,394.0
SC,45087,7750.0,150.0
SC,45089,8557.0,146.0
SC,45091,78263.0,678.0
SD,46003,805.0,17.0
SD,46005,4596.0,60.0
SD,46007,789.0,14.0
SD,46009,2293.0,39.0
SD,46011,8149.0,52.0
SD,46013,10344.0,121.0
SD,46015,1415.0,20.0
SD,46017,620.0,18.0
SD,46019,2757.0,45.0
SD,46021,268.0,7.0
SD,46023,2942.0,35.0
SD,46025,804.0,9.0
SD,46027,3493.0,21.0
SD,46029,8474.0,101.0
SD,46031,1070.0,17.0
SD,46033,2034.0,26.0
SD,46035,5907.0,80.0
SD,46037,1295.0,35.0
SD,46039,1043.0,12.0
SD,46041,3139.0,44.0
SD,46043,684.0,16.0
SD,46045,949.0,16.0
SD,46047,1807.0,39.0
SD,46049,573.0,16.0
SD,46051,2047.0,51.0
SD,46053,1065.0,34.0
SD,46055,452.0,12.0
SD,46057,1508.0,41.0
SD,46059,563.0,12.0
SD,46061,655.0,6.0
SD,46063,201.0,3.0
SD,46065,4335.0,58.0
SD,46067,1733.0,36.0
SD,46069,307.0,8.0
SD,46071,632.0,21.0
SD,46073,415.0,20.0
SD,46075,177.0,2.0
SD,46077,1340.0,22.0
SD,46079,2335.0,28.0
SD,46081,6605.0,83.0
SD,46083,15590.0,102.0
SD,46085,1205.0,12.0
SD,46087,1348.0,31.0
SD,46089,426.0,9.0
SD,46091,796.0,13.0
SD,46093,7042.0,64.0
SD,46095,527.0,8.0
SD,46097,457.0,13.0
SD,46099,57428.0,519.0
SD,46101,1386.0,28.0
SD,46102,3952.0,62.0
SD,46103,32903.0,342.0
SD,46105,684.0,18.0
SD,46107,704.0,7.0
SD,46109,2436.0,53.0
SD,46111,575.0,6.0
SD,46115,1418.0,36.0
SD,46117,637.0,7.0
SD,46119,245.0,3.0
SD,46121,2975.0,53.0
SD,46123,1382.0,24.0
SD,46125,1969.0,62.0
SD,46127,4026.0,52.0
SD,46129,1315.0,26.0
SD,46135,5929.0,59.0
SD,46137,671.0,11.0
TN,47001,22228.0,334.0
TN,47003,15004.0,237.0
TN,47005,4533.0,93.0
TN,47007,4669.0,57.0
TN,47009,39310.0,440.0
TN,47011,33188.0,415.0
TN,47013,12310.0,169.0
TN,47015,4227.0,63.0
TN,47017,8978.0,156.0
TN,47019,16546.0,336.0
TN,47021,10967.0,119.0
TN,47023,5870.0,99.0
TN,47025,9141.0,178.0
TN,47027,2300.0,50.0
TN,47029,11634.0,217.0
TN,47031,16994.0,267.0
TN,47033,5199.0,85.0
TN,47035,16171.0,327.0
TN,47037,210855.0,1676.0
TN,47039,3738.0,70.0
TN,47041,6288.0,101.0
TN,47043,15987.0,245.0
TN,47045,12826.0,203.0
TN,47047,11475.0,186.0
TN,47049,5722.0,128.0
TN,47051,12908.0,184.0
TN,47053,17453.0,260.0
TN,47055,9448.0,190.0
TN,47057,6793.0,109.0
TN,47059,22140.0,374.0
TN,47061,3998.0,73.0
TN,47063,19740.0,353.0
TN,47065,101119.0,1151.0
TN,47067,2023.0,37.0
TN,47069,7606.0,116.0
TN,47071,8765.0,145.0
TN,47073,16702.0,321.0
TN,47075,6191.0,102.0
TN,47077,9150.0,160.0
TN,47079,8310.0,163.0
TN,47081,6850.0,110.0
TN,47083,2689.0,62.0
TN,47085,4855.0,74.0
TN,47087,3211.0,63.0
TN,47089,15804.0,265.0
TN,47091,5181.0,95.0
TN,47093,128707.0,1385.0
TN,47095,2749.0,43.0
TN,47097,7764.0,106.0
TN,47099,14329.0,203.0
TN,47101,3573.0,60.0
TN,47103,10003.0,170.0
TN,47105,14571.0,192.0
TN,47107,16701.0,260.0
TN,47109,7662.0,120.0
TN,47111,8478.0,145.0
TN,47113,30250.0,427.0
TN,47115,8870.0,132.0
TN,47117,10403.0,124.0
TN,47119,29162.0,345.0
TN,47121,3394.0,58.0
TN,47123,14681.0,244.0
TN,47125,50488.0,579.0
TN,47127,2239.0,40.0
TN,47129,6209.0,87.0
TN,47131,10786.0,195.0
TN,47133,7157.0,123.0
TN,47135,2332.0,56.0
TN,47137,1774.0,36.0
TN,47139,4740.0,74.0
TN,47141,25178.0,304.0
TN,47143,9994.0,160.0
TN,47145,15839.0,234.0
TN,47147,21626.0,305.0
TN,47149,96372.0,904.0
TN,47151,9097.0,117.0
TN,47153,4226.0,69.0
TN,47155,30457.0,415.0
TN,47157,240841.0,3307.0
TN,47159,6171.0,85.0
TN,47161,3294.0,59.0
TN,47163,46163.0,721.0
TN,47165,53504.0,729.0
TN,47167,17674.0,236.0
TN,47169,4238.0,45.0
TN,47171,5191.0,96.0
TN,47173,5409.0,75.0
TN,47175,1852.0,48.0
TN,47177,13028.0,177.0
TN,47179,38862.0,496.0
TN,47181,5700.0,72.0
TN,47183,9586.0,152.0
TN,47185,8249.0,129.0
TN,47187,62833.0,406.0
TN,47189,41970.0,484.0
TX,48001,9691.0,239.0
TX,48003,3822.0,72.0
TX,48005,15501.0,481.0
TX,48007,4177.0,86.0
TX,48009,2213.0,28.0
TX,48011,555.0,9.0
TX,48013,13647.0,231.0
TX,48015,5818.0,73.0
TX,48017,1511.0,39.0
TX,48019,3636.0,77.0
TX,48021,21971.0,239.0
TX,48023,818.0,32.0
TX,48025,8418.0,153.0
TX,48027,67290.0,901.0
TX,48029,565111.0,6131.0
TX,48031,2568.0,34.0
TX,48033,100.0,2.0
TX,48035,4130.0,70.0
TX,48037,20222.0,433.0
TX,48039,94245.0,983.0
TX,48041,60873.0,413.0
TX,48043,1142.0,29.0
TX,48045,465.0,8.0
TX,48047,1642.0,52.0
TX,48049,12056.0,253.0
TX,48051,5048.0,66.0
TX,48053,11095.0,171.0
TX,48055,14339.0,176.0
TX,48057,5731.0,48.0
TX,48059,2920.0,72.0
TX,48061,105092.0,2032.0
TX,48063,2873.0,75.0
TX,48065,1532.0,36.0
TX,48067,7260.0,197.0
TX,48069,2297.0,47.0
TX,48071,11706.0,112.0
TX,48073,7989.0,254.0
TX,48075,2638.0,33.0
TX,48077,2096.0,36.0
TX,48079,891.0,23.0
TX,48081,843.0,20.0
TX,48083,1646.0,71.0
TX,48085,215831.0,1507.0
TX,48087,702.0,16.0
TX,48089,3808.0,64.0
TX,48091,34812.0,551.0
TX,48093,3698.0,78.0
TX,48095,1084.0,11.0
TX,48097,7409.0,134.0
TX,48099,17626.0,211.0
TX,48101,319.0,9.0
TX,48103,1285.0,24.0
TX,48105,1091.0,19.0
TX,48107,1894.0,45.0
TX,48109,514.0,14.0
TX,48111,2155.0,41.0
TX,48113,573644.0,6772.0
TX,48115,2998.0,94.0
TX,48117,4809.0,112.0
TX,48119,1820.0,25.0
TX,48121,181158.0,1354.0
TX,48123,6486.0,99.0
TX,48125,453.0,16.0
TX,48127,5760.0,51.0
TX,48129,1153.0,26.0
TX,48131,3412.0,70.0
TX,48133,2829.0,113.0
TX,48135,37544.0,703.0
TX,48137,467.0,11.0
TX,48139,49172.0,582.0
TX,48141,208635.0,3735.0
TX,48143,8790.0,123.0
TX,48145,3797.0,65.0
TX,48147,6897.0,184.0
TX,48149,4796.0,105.0
TX,48151,609.0,24.0
TX,48153,1961.0,48.0
TX,48155,209.0,11.0
TX,48157,189442.0,1260.0
TX,48159,2228.0,42.0
TX,48161,3880.0,82.0
TX,48163,5935.0,93.0
TX,48165,2327.0,83.0
TX,48167,96616.0,853.0
TX,48169,1279.0,28.0
TX,48171,5426.0,109.0
TX,48173,199.0,3.0
TX,48175,1216.0,32.0
TX,48177,4736.0,99.0
TX,48179,6195.0,125.0
TX,48181,27166.0,636.0
TX,48183,23237.0,687.0
TX,48185,8511.0,120.0
TX,48187,38361.0,398.0
TX,48189,8989.0,245.0
TX,48191,1102.0,24.0
TX,48193,1972.0,33.0
TX,48195,1929.0,29.0
TX,48197,556.0,19.0
TX,48199,12078.0,251.0
TX,48201,1032781.0,10972.0
TX,48203,13370.0,227.0
TX,48205,1364.0,3.0
TX,48207,897.0,39.0
TX,48209,60893.0,498.0
TX,48211,1239.0,7.0
TX,48213,15410.0,424.0
TX,48215,207289.0,3909.0
TX,48217,8991.0,192.0
TX,48219,7750.0,161.0
TX,48221,13472.0,274.0
TX,48223,7264.0,180.0
TX,48225,4253.0,111.0
TX,48227,6876.0,184.0
TX,48229,989.0,18.0
TX,48231,15811.0,363.0
TX,48233,6755.0,135.0
TX,48235,445.0,3.0
TX,48237,1523.0,28.0
TX,48239,3258.0,59.0
TX,48241,6102.0,187.0
TX,48243,224.0,9.0
TX,48245,49316.0,843.0
TX,48247,2648.0,22.0
TX,48249,11411.0,208.0
TX,48251,43903.0,735.0
TX,48253,4643.0,93.0
TX,48255,5968.0,70.0
TX,48257,35680.0,536.0
TX,48259,8263.0,119.0
TX,48261,86.0,2.0
TX,48263,210.0,4.0
TX,48265,9690.0,182.0
TX,48267,714.0,15.0
TX,48269,51.0,0.0
TX,48271,741.0,11.0
TX,48273,7304.0,147.0
TX,48275,492.0,25.0
TX,48277,12500.0,256.0
TX,48279,4356.0,122.0
TX,48281,5556.0,90.0
TX,48283,2421.0,48.0
TX,48285,4271.0,120.0
TX,48287,4278.0,60.0
TX,48289,3728.0,93.0
TX,48291,18210.0,404.0
TX,48293,5100.0,124.0
TX,48295,720.0,16.0
TX,48297,2153.0,42.0
TX,48299,3933.0,97.0
TX,48301,196.0,1.0
TX,48303,96835.0,1329.0
TX,48305,1556.0,38.0
TX,48307,1308.0,47.0
TX,48309,60473.0,902.0
TX,48311,169.0,9.0
TX,48313,3778.0,54.0
TX,48315,1690.0,60.0
TX,48317,1207.0,26.0
TX,48319,787.0,12.0
TX,48321,8374.0,175.0
TX,48323,20872.0,469.0
TX,48325,10269.0,199.0
TX,48327,513.0,12.0
TX,48329,40910.0,496.0
TX,48331,4950.0,102.0
TX,48333,1475.0,37.0
TX,48335,1864.0,49.0
TX,48337,4694.0,129.0
TX,48339,141687.0,1292.0
TX,48341,5604.0,111.0
TX,48343,2529.0,73.0
TX,48345,286.0,13.0
TX,48347,12413.0,258.0
TX,48349,12469.0,222.0
TX,48351,1367.0,61.0
TX,48353,3065.0,99.0
TX,48355,93429.0,1494.0
TX,48357,2424.0,48.0
TX,48359,565.0,6.0
TX,48361,14968.0,355.0
TX,48363,7052.0,154.0
TX,48365,4609.0,129.0
TX,48367,34819.0,450.0
TX,48369,2363.0,52.0
TX,48371,2749.0,71.0
TX,48373,7896.0,247.0
TX,48375,35779.0,739.0
TX,48377,998.0,38.0
TX,48379,1843.0,59.0
TX,48381,38234.0,516.0
TX,48383,859.0,14.0
TX,48385,817.0,25.0
TX,48387,2304.0,67.0
TX,48389,4636.0,74.0
TX,48391,1781.0,36.0
TX,48393,175.0,2.0
TX,48395,4541.0,77.0
TX,48397,26778.0,266.0
TX,48399,2393.0,66.0
TX,48401,10870.0,233.0
TX,48403,1254.0,89.0
TX,48405,1082.0,44.0
TX,48407,5611.0,102.0
TX,48409,11104.0,341.0
TX,48411,1242.0,35.0
TX,48413,528.0,9.0
TX,48415,4983.0,104.0
TX,48417,691.0,12.0
TX,48419,4491.0,134.0
TX,48421,499.0,16.0
TX,48423,45581.0,968.0
TX,48425,2116.0,36.0
TX,48427,20091.0,366.0
TX,48429,1846.0,46.0
TX,48431,245.0,6.0
TX,48433,362.0,7.0
TX,48435,848.0,12.0
TX,48437,2288.0,34.0
TX,48439,569281.0,5925.0
TX,48441,35192.0,725.0
TX,48443,121.0,3.0
TX,48445,2790.0,84.0
TX,48447,271.0,8.0
TX,48449,8673.0,128.0
TX,48451,41068.0,553.0
TX,48453,227227.0,1735.0
TX,48455,2707.0,72.0
TX,48457,3405.0,88.0
TX,48459,7926.0,186.0
TX,48461,833.0,18.0
TX,48463,10600.0,145.0
TX,48465,14368.0,303.0
TX,48467,10399.0,280.0
TX,48469,18919.0,413.0
TX,48471,19223.0,212.0
TX,48473,9695.0,108.0
TX,48475,2830.0,44.0
TX,48477,9232.0,148.0
TX,48479,96110.0,1036.0
TX,48481,9175.0,214.0
TX,48483,1193.0,23.0
TX,48485,34143.0,679.0
TX,48487,3486.0,87.0
TX,48489,7089.0,130.0
TX,48491,135522.0,935.0
TX,48493,11032.0,157.0
TX,48495,1846.0,34.0
TX,48497,17052.0,271.0
TX,48499,8031.0,288.0
TX,48501,1410.0,42.0
TX,48503,4002.0,94.0
TX,48505,3752.0,55.0
TX,48507,4059.0,68.0
UT,49001,1609.0,16.0
UT,49003,14144.0,124.0
UT,49005,37265.0,109.0
UT,49007,5264.0,46.0
UT,49009,153.0,0.0
UT,49011,101261.0,404.0
UT,49013,4397.0,27.0
UT,49015,2486.0,28.0
UT,49017,929.0,16.0
UT,49019,2351.0,8.0
UT,49021,14774.0,92.0
UT,49023,2899.0,25.0
UT,49025,1355.0,15.0
UT,49027,3274.0,35.0
UT,49029,2903.0,15.0
UT,49031,304.0,7.0
UT,49033,343.0,0.0
UT,49035,346815.0,1638.0
UT,49037,4004.0,49.0
UT,49039,8374.0,56.0
UT,49041,5448.0,31.0
UT,49043,13832.0,26.0
UT,49045,21561.0,102.0
UT,49047,8071.0,72.0
UT,49049,203286.0,791.0
UT,49051,10804.0,35.0
UT,49053,45053.0,463.0
UT,49055,444.0,0.0
UT,49057,71645.0,443.0
VA,51001,7054.0,106.0
VA,51003,18671.0,163.0
VA,51005,3572.0,98.0
VA,51007,2683.0,61.0
VA,51009,7316.0,89.0
VA,51011,3817.0,53.0
VA,51013,46198.0,323.0
VA,51015,19073.0,216.0
VA,51017,906.0,20.0
VA,51019,17276.0,240.0
VA,51021,1800.0,24.0
VA,51023,7607.0,101.0
VA,51025,3284.0,47.0
VA,51027,4902.0,122.0
VA,51029,3993.0,57.0
VA,51031,12814.0,215.0
VA,51033,6976.0,85.0
VA,51035,6747.0,148.0
VA,51036,1191.0,27.0
VA,51037,2540.0,46.0
VA,51041,75487.0,760.0
VA,51043,2679.0,42.0
VA,51045,1128.0,18.0
VA,51047,11593.0,149.0
VA,51049,1366.0,27.0
VA,51051,3325.0,50.0
VA,51053,5442.0,93.0
VA,51057,2285.0,33.0
VA,51059,188156.0,1453.0
VA,51061,13267.0,144.0
VA,51063,2587.0,49.0
VA,51065,5260.0,46.0
VA,51067,10984.0,198.0
VA,51069,20904.0,249.0
VA,51071,4115.0,50.0
VA,51073,7453.0,104.0
VA,51075,4153.0,53.0
VA,51077,4059.0,83.0
VA,51079,4074.0,62.0
VA,51081,3341.0,40.0
VA,51083,7217.0,159.0
VA,51085,22386.0,286.0
VA,51087,67513.0,934.0
VA,51089,12205.0,266.0
VA,51091,387.0,7.0
VA,51093,7395.0,119.0
VA,51095,15461.0,121.0
VA,51097,1146.0,12.0
VA,51099,5119.0,39.0
VA,51101,3767.0,44.0
VA,51103,1846.0,31.0
VA,51105,6214.0,94.0
VA,51107,71890.0,384.0
VA,51109,6842.0,85.0
VA,51111,2460.0,39.0
VA,51113,2451.0,41.0
VA,51115,1524.0,28.0
VA,51117,6217.0,123.0
VA,51119,1874.0,48.0
VA,51121,19403.0,154.0
VA,51125,2707.0,36.0
VA,51127,4742.0,32.0
VA,51131,2183.0,65.0
VA,51133,2216.0,46.0
VA,51135,4300.0,92.0
VA,51137,6928.0,86.0
VA,51139,5660.0,122.0
VA,51141,3706.0,98.0
VA,51143,14301.0,199.0
VA,51145,5257.0,59.0
VA,51147,5107.0,71.0
VA,51149,8917.0,79.0
VA,51153,97967.0,748.0
VA,51155,7343.0,138.0
VA,51157,1051.0,10.0
VA,51159,2638.0,27.0
VA,51161,21633.0,282.0
VA,51163,3301.0,80.0
VA,51165,14648.0,229.0
VA,51167,6877.0,114.0
VA,51169,5847.0,111.0
VA,51171,10936.0,222.0
VA,51173,8896.0,171.0
VA,51175,3446.0,93.0
VA,51177,27655.0,301.0
VA,51179,31265.0,177.0
VA,51181,1110.0,20.0
VA,51183,2425.0,42.0
VA,51185,10329.0,175.0
VA,51187,8675.0,157.0
VA,51191,13910.0,215.0
VA,51193,3284.0,52.0
VA,51195,10306.0,199.0
VA,51197,7557.0,149.0
VA,51199,10189.0,109.0
VA,51510,32647.0,188.0
VA,51520,4454.0,80.0
VA,51530,2017.0,44.0
VA,51540,10148.0,80.0
VA,51550,51025.0,497.0
VA,51570,4958.0,97.0
VA,51580,1300.0,26.0
VA,51590,11226.0,282.0
VA,51595,1187.0,55.0
VA,51600,2056.0,43.0
VA,51610,2226.0,17.0
VA,51620,2470.0,54.0
VA,51630,5498.0,42.0
VA,51640,2561.0,78.0
VA,51650,28527.0,330.0
VA,51660,13492.0,161.0
VA,51670,6141.0,119.0
VA,51678,2857.0,40.0
VA,51680,20371.0,272.0
VA,51683,9281.0,71.0
VA,51685,3828.0,27.0
VA,51690,3478.0,124.0
VA,51700,37189.0,404.0
VA,51710,43091.0,476.0
VA,51720,1310.0,22.0
VA,51730,8302.0,140.0
VA,51735,2388.0,30.0
VA,51740,21144.0,338.0
VA,51750,5018.0,53.0
VA,51760,46245.0,515.0
VA,51770,21671.0,376.0
VA,51775,6730.0,105.0
VA,51790,5781.0,118.0
VA,51800,19133.0,302.0
VA,51810,91483.0,824.0
VA,51820,6033.0,69.0
VA,51830,1837.0,22.0
VA,51840,6440.0,81.0
VI,78010,8562.0,49.0
VI,78020,832.0,5.0
VI,78030,8643.0,59.0
VT,50001,5939.0,18.0
VT,50003,10153.0,71.0
VT,50005,5854.0,25.0
VT,50007,34629.0,175.0
VT,50009,1301.0,3.0
VT,50011,10325.0,67.0
VT,50013,1132.0,5.0
VT,50015,3964.0,17.0
VT,50017,4986.0,14.0
VT,50019,6610.0,38.0
VT,50021,13586.0,74.0
VT,50023,12430.0,51.0
VT,50025,6994.0,36.0
VT,50027,9638.0,52.0
WA,53001,4926.0,39.0
WA,53003,4554.0,66.0
WA,53005,53006.0,472.0
WA,53007,20463.0,162.0
WA,53009,11901.0,141.0
WA,53011,91435.0,804.0
WA,53013,613.0,16.0
WA,53015,23312.0,348.0
WA,53017,11269.0,70.0
WA,53019,1425.0,29.0
WA,53021,32668.0,214.0
WA,53023,389.0,7.0
WA,53025,27251.0,259.0
WA,53027,16620.0,198.0
WA,53029,10635.0,76.0
WA,53031,3198.0,29.0
WA,53033,410322.0,2774.0
WA,53035,41506.0,344.0
WA,53037,8607.0,66.0
WA,53039,3612.0,47.0
WA,53041,17798.0,254.0
WA,53043,2224.0,28.0
WA,53045,12661.0,141.0
WA,53047,8660.0,125.0
WA,53049,3795.0,57.0
WA,53051,2508.0,36.0
WA,53053,198375.0,1409.0
WA,53055,1450.0,2.0
WA,53057,22747.0,204.0
WA,53059,1531.0,13.0
WA,53061,159246.0,1145.0
WA,53063,126131.0,1378.0
WA,53065,8277.0,147.0
WA,53067,49071.0,417.0
WA,53069,538.0,7.0
WA,53071,16305.0,142.0
WA,53073,39343.0,301.0
WA,53075,9246.0,90.0
WA,53077,73887.0,790.0
WI,55001,4738.0,61.0
WI,55003,3364.0,36.0
WI,55005,13743.0,144.0
WI,55007,3425.0,41.0
WI,55009,85688.0,557.0
WI,55011,3608.0,12.0
WI,55013,4062.0,43.0
WI,55015,14749.0,121.0
WI,55017,19101.0,187.0
WI,55019,7694.0,122.0
WI,55021,15821.0,128.0
WI,55023,4299.0,28.0
WI,55025,134580.0,516.0
WI,55027,27570.0,340.0
WI,55029,7097.0,71.0
WI,55031,11993.0,79.0
WI,55033,13611.0,75.0
WI,55035,31318.0,187.0
WI,55037,1093.0,17.0
WI,55039,32524.0,278.0
WI,55041,2694.0,52.0
WI,55043,12945.0,146.0
WI,55045,9528.0,54.0
WI,55047,5268.0,64.0
WI,55049,5424.0,29.0
WI,55051,1482.0,47.0
WI,55053,5736.0,43.0
WI,55055,22026.0,243.0
WI,55057,7859.0,69.0
WI,55059,45275.0,631.0
WI,55061,5927.0,59.0
WI,55063,35988.0,186.0
WI,55065,3731.0,26.0
WI,55067,5295.0,92.0
WI,55069,7188.0,148.0
WI,55071,20803.0,189.0
WI,55073,40330.0,491.0
WI,55075,11760.0,127.0
WI,55077,3873.0,61.0
WI,55078,1987.0,14.0
WI,55079,277430.0,2292.0
WI,55081,12305.0,91.0
WI,55083,11522.0,121.0
WI,55085,8605.0,139.0
WI,55087,55321.0,406.0
WI,55089,23174.0,186.0
WI,55091,2001.0,18.0
WI,55093,11879.0,73.0
WI,55095,12692.0,123.0
WI,55097,18469.0,161.0
WI,55099,3283.0,33.0
WI,55101,57729.0,690.0
WI,55103,3995.0,48.0
WI,55105,44315.0,395.0
WI,55107,3465.0,55.0
WI,55109,25656.0,149.0
WI,55111,16479.0,136.0
WI,55113,4651.0,62.0
WI,55115,11994.0,152.0
WI,55117,33090.0,320.0
WI,55119,4884.0,72.0
WI,55121,8555.0,65.0
WI,55123,6239.0,98.0
WI,55125,5270.0,89.0
WI,55127,27341.0,281.0
WI,55129,4078.0,47.0
WI,55131,38986.0,344.0
WI,55133,115887.0,1093.0
WI,55135,13835.0,252.0
WI,55137,6522.0,87.0
WI,55139,53045.0,382.0
WI,55141,21477.0,233.0
WV,54001,4838.0,79.0
WV,54003,36247.0,295.0
WV,54005,6660.0,77.0
WV,54007,3940.0,43.0
WV,54009,5082.0,106.0
WV,54011,27842.0,379.0
WV,54013,1887.0,15.0
WV,54015,2351.0,41.0
WV,54017,2162.0,18.0
WV,54019,13217.0,205.0
WV,54021,2101.0,19.0
WV,54023,3787.0,56.0
WV,54025,9763.0,160.0
WV,54027,5906.0,73.0
WV,54029,6809.0,142.0
WV,54031,4202.0,50.0
WV,54033,20062.0,253.0
WV,54035,6926.0,135.0
WV,54037,14513.0,136.0
WV,54039,47739.0,724.0
WV,54041,5359.0,87.0
WV,54043,5606.0,82.0
WV,54045,9747.0,186.0
WV,54047,5663.0,75.0
WV,54049,15266.0,179.0
WV,54051,9085.0,155.0
WV,54053,6703.0,93.0
WV,54055,17177.0,266.0
WV,54057,7914.0,157.0
WV,54059,7968.0,123.0
WV,54061,25092.0,198.0
WV,54063,4260.0,46.0
WV,54065,4307.0,69.0
WV,54067,7378.0,97.0
WV,54069,11335.0,170.0
WV,54071,2001.0,22.0
WV,54073,2077.0,36.0
WV,54075,2077.0,32.0
WV,54077,9367.0,137.0
WV,54079,16889.0,180.0
WV,54081,23094.0,349.0
WV,54083,9533.0,89.0
WV,54085,2462.0,32.0
WV,54087,3187.0,38.0
WV,54089,2831.0,54.0
WV,54091,4585.0,73.0
WV,54093,2024.0,38.0
WV,54095,2214.0,32.0
WV,54097,6928.0,95.0
WV,54099,9915.0,125.0
WV,54101,2274.0,33.0
WV,54103,4367.0,86.0
WV,54105,1455.0,25.0
WV,54107,22312.0,346.0
WV,54109,7044.0,116.0
WY,56001,9934.0,49.0
WY,56003,2586.0,61.0
WY,56005,12113.0,149.0
WY,56007,4627.0,52.0
WY,56009,3144.0,55.0
WY,56011,1351.0,29.0
WY,56013,13795.0,193.0
WY,56015,3648.0,57.0
WY,56017,1159.0,16.0
WY,56019,1845.0,19.0
WY,56021,26292.0,290.0
WY,56023,3979.0,31.0
WY,56025,22380.0,273.0
WY,56027,694.0,10.0
WY,56029,6801.0,144.0
WY,56031,1911.0,41.0
WY,56033,8097.0,78.0
WY,56035,1926.0,27.0
WY,56037,11088.0,126.0
WY,56039,10074.0,16.0
WY,56041,5643.0,39.0
WY,56043,2358.0,44.0
WY,56045,1589.0,18.0
