state,state_po,district,party_simplified,votes,county_fips,jurisdiction_fips,year,special,writein,state_fips,state_cen,state_ic,readme_check,magnitude
ALABAMA,AL,1,DEMOCRAT,116949,269791.0,269791.0,511060,0,0,253,15939,10373,0,253
ALABAMA,AL,1,REPUBLICAN,211825,269791.0,269791.0,511060,0,0,253,15939,10373,0,253
ALABAMA,AL,2,DEMOCRAT,105286,412426.0,412426.0,791840,0,0,392,24696,16072,0,392
ALABAMA,AL,2,REPUBLICAN,197996,412426.0,412426.0,791840,0,0,392,24696,16072,0,392
ALABAMA,AL,3,DEMOCRAT,104595,374648.0,374648.0,702960,0,0,348,21924,14268,0,348
ALABAMA,AL,3,REPUBLICAN,217384,374648.0,374648.0,702960,0,0,348,21924,14268,0,348
ALABAMA,AL,4,DEMOCRAT,56237,574560.0,574560.0,1082720,0,0,536,33768,21976,0,536
ALABAMA,AL,4,REPUBLICAN,261553,574560.0,574560.0,1082720,0,0,536,33768,21976,0,536
ALABAMA,AL,5,REPUBLICAN,253094,225952.0,225952.0,420160,0,0,208,13104,8528,0,208
ALABAMA,AL,6,REPUBLICAN,274160,309282.0,309282.0,585800,0,0,290,18270,11890,0,290
ALABAMA,AL,7,DEMOCRAT,225742,574307.0,574307.0,1072620,0,0,531,33453,21771,0,531
ALASKA,AK,0,DEMOCRAT,159856,0.0,1173678.0,1171600,0,0,1160,54520,46980,0,580
ALASKA,AK,0,REPUBLICAN,192126,0.0,1173678.0,1171600,0,0,1160,54520,46980,0,580
ARIZONA,AZ,1,DEMOCRAT,188469,3357225.0,3357225.0,1690740,0,0,3348,71982,51057,0,837
ARIZONA,AZ,1,REPUBLICAN,176709,3357225.0,3357225.0,1690740,0,0,3348,71982,51057,0,837
ARIZONA,AZ,2,DEMOCRAT,209945,2348763.0,2348763.0,1181700,0,0,2340,50310,35685,0,585
ARIZONA,AZ,2,REPUBLICAN,170975,2348763.0,2348763.0,1181700,0,0,2340,50310,35685,0,585
ARIZONA,AZ,3,DEMOCRAT,174243,2146290.0,2146290.0,1078680,0,0,2136,45924,32574,0,534
ARIZONA,AZ,3,REPUBLICAN,95594,2146290.0,2146290.0,1078680,0,0,2136,45924,32574,0,534
ARIZONA,AZ,4,DEMOCRAT,120484,1953093.0,1953093.0,981720,0,0,1944,41796,29646,0,486
ARIZONA,AZ,4,REPUBLICAN,278002,1953093.0,1953093.0,981720,0,0,1944,41796,29646,0,486
ARIZONA,AZ,5,DEMOCRAT,183171,1540992.0,1540992.0,775680,0,0,1536,33024,23424,0,384
ARIZONA,AZ,5,REPUBLICAN,262414,1540992.0,1540992.0,775680,0,0,1536,33024,23424,0,384
ARIZONA,AZ,6,DEMOCRAT,199644,1890123.0,1890123.0,951420,0,0,1884,40506,28731,0,471
ARIZONA,AZ,6,REPUBLICAN,217783,1890123.0,1890123.0,951420,0,0,1884,40506,28731,0,471
ARIZONA,AZ,7,DEMOCRAT,165452,1288173.0,1288173.0,648420,0,0,1284,27606,19581,0,321
ARIZONA,AZ,7,REPUBLICAN,50226,1288173.0,1288173.0,648420,0,0,1284,27606,19581,0,321
ARIZONA,AZ,8,DEMOCRAT,170816,1721577.0,1721577.0,866580,0,0,1716,36894,26169,0,429
ARIZONA,AZ,8,REPUBLICAN,251633,1721577.0,1721577.0,866580,0,0,1716,36894,26169,0,429
ARIZONA,AZ,9,DEMOCRAT,217094,1685460.0,1685460.0,848400,0,0,1680,36120,25620,0,420
ARIZONA,AZ,9,REPUBLICAN,135180,1685460.0,1685460.0,848400,0,0,1680,36120,25620,0,420
ARKANSAS,AR,1,REPUBLICAN,237596,3957279.0,3957279.0,1577620,0,0,3905,55451,32802,0,781
ARKANSAS,AR,2,DEMOCRAT,148410,2002978.0,2002978.0,791840,0,0,1960,27832,16464,0,392
ARKANSAS,AR,2,REPUBLICAN,184093,2002978.0,2002978.0,791840,0,0,1960,27832,16464,0,392
ARKANSAS,AR,3,DEMOCRAT,106325,2717086.0,2717086.0,1078680,0,0,2670,37914,22428,0,534
ARKANSAS,AR,3,LIBERTARIAN,12977,2717086.0,2717086.0,1078680,0,0,2670,37914,22428,0,534
ARKANSAS,AR,3,REPUBLICAN,214960,2717086.0,2717086.0,1078680,0,0,2670,37914,22428,0,534
ARKANSAS,AR,4,DEMOCRAT,75750,4406513.0,4406513.0,1755380,0,0,4345,61699,36498,0,869
ARKANSAS,AR,4,LIBERTARIAN,7668,4406513.0,4406513.0,1755380,0,0,4345,61699,36498,0,869
ARKANSAS,AR,4,REPUBLICAN,191617,4406513.0,4406513.0,1755380,0,0,4345,61699,36498,0,869
CALIFORNIA,CA,1,DEMOCRAT,154466,7507596.0,7507596.0,2504800,0,0,7440,115320,88040,1240,1240
CALIFORNIA,CA,1,REPUBLICAN,204291,7507596.0,7507596.0,2504800,0,0,7440,115320,88040,1240,1240
CALIFORNIA,CA,2,DEMOCRAT,294435,8801980.0,8801980.0,2933040,0,0,8712,135036,103092,1452,1452
CALIFORNIA,CA,2,REPUBLICAN,94320,8801980.0,8801980.0,2933040,0,0,8712,135036,103092,1452,1452
CALIFORNIA,CA,3,DEMOCRAT,176043,6572897.0,6572897.0,2183620,0,0,6486,100533,76751,1081,1081
CALIFORNIA,CA,3,REPUBLICAN,145945,6572897.0,6572897.0,2183620,0,0,6486,100533,76751,1081,1081
CALIFORNIA,CA,4,DEMOCRAT,194731,5641886.0,5641886.0,1886680,0,0,5604,86862,66314,934,934
CALIFORNIA,CA,4,REPUBLICAN,247291,5641886.0,5641886.0,1886680,0,0,5604,86862,66314,934,934
CALIFORNIA,CA,5,DEMOCRAT,271233,9972802.0,9972802.0,3316840,0,0,9852,152706,116582,1642,1642
CALIFORNIA,CA,5,REPUBLICAN,85227,9972802.0,9972802.0,3316840,0,0,9852,152706,116582,1642,1642
CALIFORNIA,CA,6,DEMOCRAT,229648,3507462.0,3507462.0,1167560,0,0,3468,53754,41038,578,578
CALIFORNIA,CA,6,REPUBLICAN,83466,3507462.0,3507462.0,1167560,0,0,3468,53754,41038,578,578
CALIFORNIA,CA,7,DEMOCRAT,217416,4040622.0,4040622.0,1345320,0,0,3996,61938,47286,666,666
CALIFORNIA,CA,7,REPUBLICAN,166549,4040622.0,4040622.0,1345320,0,0,3996,61938,47286,666,666
CALIFORNIA,CA,8,DEMOCRAT,124400,16675017.0,16675017.0,5548940,0,0,16482,255471,195037,2747,2747
CALIFORNIA,CA,8,REPUBLICAN,158711,16675017.0,16675017.0,5548940,0,0,16482,255471,195037,2747,2747
CALIFORNIA,CA,9,DEMOCRAT,174252,4254740.0,4254740.0,1422080,0,0,4224,65472,49984,704,704
CALIFORNIA,CA,9,REPUBLICAN,128358,4254740.0,4254740.0,1422080,0,0,4224,65472,49984,704,704
CALIFORNIA,CA,10,DEMOCRAT,166865,1790862.0,1790862.0,593880,0,0,1764,27342,20874,294,294
CALIFORNIA,CA,10,REPUBLICAN,135629,1790862.0,1790862.0,593880,0,0,1764,27342,20874,294,294
CALIFORNIA,CA,11,DEMOCRAT,271063,7227626.0,7227626.0,2428040,0,0,7212,111786,85342,1202,1202
CALIFORNIA,CA,11,REPUBLICAN,100293,7227626.0,7227626.0,2428040,0,0,7212,111786,85342,1202,1202
CALIFORNIA,CA,12,DEMOCRAT,362950,12976200.0,12976200.0,4314720,0,0,12816,198648,151656,2136,2136
CALIFORNIA,CA,13,DEMOCRAT,327863,2280528.0,2280528.0,767600,0,0,2280,35340,26980,380,380
CALIFORNIA,CA,13,REPUBLICAN,34955,2280528.0,2280528.0,767600,0,0,2280,35340,26980,380,380
CALIFORNIA,CA,14,DEMOCRAT,278300,4389594.0,4389594.0,1458440,0,0,4332,67146,51262,722,722
CALIFORNIA,CA,14,REPUBLICAN,72705,4389594.0,4389594.0,1458440,0,0,4332,67146,51262,722,722
CALIFORNIA,CA,15,DEMOCRAT,242991,4334402.0,4334402.0,1458440,0,0,4332,67146,51262,722,722
CALIFORNIA,CA,15,REPUBLICAN,99710,4334402.0,4334402.0,1458440,0,0,4332,67146,51262,722,722
CALIFORNIA,CA,16,DEMOCRAT,128690,3753722.0,3753722.0,1256440,0,0,3732,57846,44162,622,622
CALIFORNIA,CA,16,REPUBLICAN,88039,3753722.0,3753722.0,1256440,0,0,3732,57846,44162,622,622
CALIFORNIA,CA,17,DEMOCRAT,212137,2268902.0,2268902.0,755480,0,0,2244,34782,26554,374,374
CALIFORNIA,CA,17,REPUBLICAN,85199,2268902.0,2268902.0,755480,0,0,2244,34782,26554,374,374
CALIFORNIA,CA,18,DEMOCRAT,344139,9101736.0,9101736.0,3021920,0,0,8976,139128,106216,1496,1496
CALIFORNIA,CA,19,DEMOCRAT,224385,2859950.0,2859950.0,949400,0,0,2820,43710,33370,470,470
CALIFORNIA,CA,19,REPUBLICAN,88642,2859950.0,2859950.0,949400,0,0,2820,43710,33370,470,470
CALIFORNIA,CA,20,DEMOCRAT,236896,4453086.0,4453086.0,1482680,0,0,4404,68262,52114,734,734
CALIFORNIA,CA,20,REPUBLICAN,71658,4453086.0,4453086.0,1482680,0,0,4404,68262,52114,734,734
CALIFORNIA,CA,21,DEMOCRAT,84406,5923446.0,5923446.0,1983640,0,0,5892,91326,69722,982,982
CALIFORNIA,CA,21,REPUBLICAN,85928,5923446.0,5923446.0,1983640,0,0,5892,91326,69722,982,982
CALIFORNIA,CA,22,DEMOCRAT,144251,3141602.0,3141602.0,1046360,0,0,3108,48174,36778,518,518
CALIFORNIA,CA,22,REPUBLICAN,170888,3141602.0,3141602.0,1046360,0,0,3108,48174,36778,518,518
CALIFORNIA,CA,23,DEMOCRAT,115896,7432286.0,7432286.0,2484600,0,0,7380,114390,87330,1230,1230
CALIFORNIA,CA,23,REPUBLICAN,190222,7432286.0,7432286.0,2484600,0,0,7380,114390,87330,1230,1230
CALIFORNIA,CA,24,DEMOCRAT,212564,4416762.0,4416762.0,1466520,0,0,4356,67518,51546,726,726
CALIFORNIA,CA,24,REPUBLICAN,149781,4416762.0,4416762.0,1466520,0,0,4356,67518,51546,726,726
CALIFORNIA,CA,25,DEMOCRAT,169305,5393588.0,5393588.0,1801840,0,0,5352,82956,63332,892,892
CALIFORNIA,CA,25,REPUBLICAN,169638,5393588.0,5393588.0,1801840,0,0,5352,82956,63332,892,892
CALIFORNIA,CA,26,DEMOCRAT,208856,7527864.0,7527864.0,2488640,0,0,7392,114576,87472,1232,1232
CALIFORNIA,CA,26,REPUBLICAN,135877,7527864.0,7527864.0,2488640,0,0,7392,114576,87472,1232,1232
CALIFORNIA,CA,27,DEMOCRAT,221411,5048496.0,5048496.0,1688720,0,0,5016,77748,59356,836,836
CALIFORNIA,CA,27,REPUBLICAN,95907,5048496.0,5048496.0,1688720,0,0,5016,77748,59356,836,836
CALIFORNIA,CA,28,DEMOCRAT,244271,3344498.0,3344498.0,1119080,0,0,3324,51522,39334,554,554
CALIFORNIA,CA,28,REPUBLICAN,91928,3344498.0,3344498.0,1119080,0,0,3324,51522,39334,554,554
CALIFORNIA,CA,29,DEMOCRAT,210944,5457448.0,5457448.0,1826080,0,0,5424,84072,64184,904,904
CALIFORNIA,CA,30,DEMOCRAT,240038,2922204.0,2922204.0,977680,0,0,2904,45012,34364,484,484
CALIFORNIA,CA,30,REPUBLICAN,105426,2922204.0,2922204.0,977680,0,0,2904,45012,34364,484,484
CALIFORNIA,CA,31,DEMOCRAT,175315,7710170.0,7710170.0,2565400,0,0,7620,118110,90170,1270,1270
CALIFORNIA,CA,31,REPUBLICAN,110735,7710170.0,7710170.0,2565400,0,0,7620,118110,90170,1270,1270
CALIFORNIA,CA,32,DEMOCRAT,172942,5578188.0,5578188.0,1866480,0,0,5544,85932,65604,924,924
CALIFORNIA,CA,32,REPUBLICAN,86818,5578188.0,5578188.0,1866480,0,0,5544,85932,65604,924,924
CALIFORNIA,CA,33,DEMOCRAT,257094,3272054.0,3272054.0,1094840,0,0,3252,50406,38482,542,542
CALIFORNIA,CA,33,REPUBLICAN,123334,3272054.0,3272054.0,1094840,0,0,3252,50406,38482,542,542
CALIFORNIA,CA,34,DEMOCRAT,205346,4225900.0,4225900.0,1414000,0,0,4200,65100,49700,700,700
CALIFORNIA,CA,35,DEMOCRAT,169405,4378366.0,4378366.0,1458440,0,0,4332,67146,51262,722,722
CALIFORNIA,CA,35,REPUBLICAN,74941,4378366.0,4378366.0,1458440,0,0,4332,67146,51262,722,722
CALIFORNIA,CA,36,DEMOCRAT,185151,4306150.0,4306150.0,1434200,0,0,4260,66030,50410,710,710
CALIFORNIA,CA,36,REPUBLICAN,121698,4306150.0,4306150.0,1434200,0,0,4260,66030,50410,710,710
CALIFORNIA,CA,37,DEMOCRAT,254916,3103018.0,3103018.0,1038280,0,0,3084,47802,36494,514,514
CALIFORNIA,CA,37,REPUBLICAN,41705,3103018.0,3103018.0,1038280,0,0,3084,47802,36494,514,514
CALIFORNIA,CA,38,DEMOCRAT,256206,9346068.0,9346068.0,3126960,0,0,9288,143964,109908,1548,1548
CALIFORNIA,CA,39,DEMOCRAT,169837,4867812.0,4867812.0,1624080,0,0,4824,74772,57084,804,804
CALIFORNIA,CA,39,REPUBLICAN,173946,4867812.0,4867812.0,1624080,0,0,4824,74772,57084,804,804
CALIFORNIA,CA,40,DEMOCRAT,135572,2837390.0,2837390.0,949400,0,0,2820,43710,33370,470,470
CALIFORNIA,CA,40,REPUBLICAN,50809,2837390.0,2837390.0,949400,0,0,2820,43710,33370,470,470
CALIFORNIA,CA,41,DEMOCRAT,168126,2025710.0,2025710.0,674680,0,0,2004,31062,23714,334,334
CALIFORNIA,CA,41,REPUBLICAN,94447,2025710.0,2025710.0,674680,0,0,2004,31062,23714,334,334
CALIFORNIA,CA,42,DEMOCRAT,157773,3857340.0,3857340.0,1284720,0,0,3816,59148,45156,636,636
CALIFORNIA,CA,42,REPUBLICAN,210274,3857340.0,3857340.0,1284720,0,0,3816,59148,45156,636,636
CALIFORNIA,CA,43,DEMOCRAT,199210,3803310.0,3803310.0,1272600,0,0,3780,58590,44730,630,630
CALIFORNIA,CA,43,REPUBLICAN,78688,3803310.0,3803310.0,1272600,0,0,3780,58590,44730,630,630
CALIFORNIA,CA,44,DEMOCRAT,206036,7606620.0,7606620.0,2545200,0,0,7560,117180,89460,1260,1260
CALIFORNIA,CA,45,DEMOCRAT,221843,6555838.0,6555838.0,2185640,0,0,6492,100626,76822,1082,1082
CALIFORNIA,CA,45,REPUBLICAN,193096,6555838.0,6555838.0,2185640,0,0,6492,100626,76822,1082,1082
CALIFORNIA,CA,46,DEMOCRAT,157803,2884084.0,2884084.0,961520,0,0,2856,44268,33796,476,476
CALIFORNIA,CA,46,REPUBLICAN,71716,2884084.0,2884084.0,961520,0,0,2856,44268,33796,476,476
CALIFORNIA,CA,47,DEMOCRAT,197028,3858866.0,3858866.0,1288760,0,0,3828,59334,45298,638,638
CALIFORNIA,CA,47,REPUBLICAN,114371,3858866.0,3858866.0,1288760,0,0,3828,59334,45298,638,638
CALIFORNIA,CA,48,DEMOCRAT,193362,5634870.0,5634870.0,1878600,0,0,5580,86490,66030,930,930
CALIFORNIA,CA,48,REPUBLICAN,201738,5634870.0,5634870.0,1878600,0,0,5580,86490,66030,930,930
CALIFORNIA,CA,49,DEMOCRAT,205349,5911938.0,5911938.0,1967480,0,0,5844,90582,69154,974,974
CALIFORNIA,CA,49,REPUBLICAN,181157,5911938.0,5911938.0,1967480,0,0,5844,90582,69154,974,974
CALIFORNIA,CA,50,DEMOCRAT,166869,5829696.0,5829696.0,1939200,0,0,5760,89280,68160,960,960
CALIFORNIA,CA,50,REPUBLICAN,195521,5829696.0,5829696.0,1939200,0,0,5760,89280,68160,960,960
CALIFORNIA,CA,51,DEMOCRAT,165596,4339486.0,4339486.0,1450360,0,0,4308,66774,50978,718,718
CALIFORNIA,CA,51,REPUBLICAN,76841,4339486.0,4339486.0,1450360,0,0,4308,66774,50978,718,718
CALIFORNIA,CA,52,DEMOCRAT,244145,2332032.0,2332032.0,775680,0,0,2304,35712,27264,384,384
CALIFORNIA,CA,52,REPUBLICAN,152350,2332032.0,2332032.0,775680,0,0,2304,35712,27264,384,384
CALIFORNIA,CA,53,DEMOCRAT,334858,6097292.0,6097292.0,2028080,0,0,6024,93372,71284,1004,1004
COLORADO,CO,1,DEMOCRAT,331621,3477365.0,3477365.0,874660,0,0,3464,36372,26846,0,433
COLORADO,CO,1,LIBERTARIAN,8749,3477365.0,3477365.0,874660,0,0,3464,36372,26846,0,433
COLORADO,CO,1,OTHER,3965,6954730.0,6954730.0,1749320,0,0,6928,72744,53692,0,866
COLORADO,CO,1,REPUBLICAN,105955,3477365.0,3477365.0,874660,0,0,3464,36372,26846,0,433
COLORADO,CO,2,DEMOCRAT,316925,4328543.0,4328543.0,1086760,0,0,4304,45192,33356,0,538
COLORADO,CO,2,LIBERTARIAN,13657,4328543.0,4328543.0,1086760,0,0,4304,45192,33356,0,538
COLORADO,CO,2,OTHER,2534,4328543.0,4328543.0,1086760,0,0,4304,45192,33356,0,538
COLORADO,CO,2,REPUBLICAN,182547,4328543.0,4328543.0,1086760,0,0,4304,45192,33356,0,538
COLORADO,CO,3,DEMOCRAT,194122,3908236.0,3908236.0,977680,0,0,3872,40656,30008,0,484
COLORADO,CO,3,LIBERTARIAN,10298,3908236.0,3908236.0,977680,0,0,3872,40656,30008,0,484
COLORADO,CO,3,OTHER,4265,3908236.0,3908236.0,977680,0,0,3872,40656,30008,0,484
COLORADO,CO,3,REPUBLICAN,220634,3908236.0,3908236.0,977680,0,0,3872,40656,30008,0,484
COLORADO,CO,4,DEMOCRAT,173945,4277504.0,4277504.0,1070600,0,0,4240,44520,32860,0,530
COLORADO,CO,4,LIBERTARIAN,11026,4277504.0,4277504.0,1070600,0,0,4240,44520,32860,0,530
COLORADO,CO,4,OTHER,4530,4277504.0,4277504.0,1070600,0,0,4240,44520,32860,0,530
COLORADO,CO,4,REPUBLICAN,285606,4277504.0,4277504.0,1070600,0,0,4240,44520,32860,0,530
COLORADO,CO,5,DEMOCRAT,161600,2823647.0,2823647.0,709020,0,0,2808,29484,21762,0,351
COLORADO,CO,5,LIBERTARIAN,14777,2823647.0,2823647.0,709020,0,0,2808,29484,21762,0,351
COLORADO,CO,5,NONPARTISAN,3708,2823647.0,2823647.0,709020,0,0,2808,29484,21762,0,351
COLORADO,CO,5,OTHER,3309,2823647.0,2823647.0,709020,0,0,2808,29484,21762,0,351
COLORADO,CO,5,REPUBLICAN,249013,2823647.0,2823647.0,709020,0,0,2808,29484,21762,0,351
COLORADO,CO,6,DEMOCRAT,250314,3787669.0,3787669.0,955460,0,0,3784,39732,29326,0,473
COLORADO,CO,6,LIBERTARIAN,9083,3787669.0,3787669.0,955460,0,0,3784,39732,29326,0,473
COLORADO,CO,6,OTHER,3884,3787669.0,3787669.0,955460,0,0,3784,39732,29326,0,473
COLORADO,CO,6,REPUBLICAN,175192,3787669.0,3787669.0,955460,0,0,3784,39732,29326,0,473
COLORADO,CO,7,DEMOCRAT,250558,6362776.0,6362776.0,1599840,0,396,6336,66528,49104,0,792
COLORADO,CO,7,LIBERTARIAN,11510,3181388.0,3181388.0,799920,0,0,3168,33264,24552,0,396
COLORADO,CO,7,OTHER,2355,3181388.0,3181388.0,799920,0,0,3168,33264,24552,0,396
COLORADO,CO,7,REPUBLICAN,159301,3181388.0,3181388.0,799920,0,0,3168,33264,24552,0,396
CONNECTICUT,CT,1,DEMOCRAT,213001,2466898.0,246702913980.0,553480,0,0,2466,4384,274,0,274
CONNECTICUT,CT,1,OTHER,14125,4915790.0,491605153820.0,1102920,0,0,4914,8736,546,0,546
CONNECTICUT,CT,1,REPUBLICAN,122111,2466898.0,246702913980.0,553480,0,0,2466,4384,274,0,274
CONNECTICUT,CT,2,DEMOCRAT,207171,2469050.0,246918352300.0,553480,0,0,2466,4384,274,112,274
CONNECTICUT,CT,2,LIBERTARIAN,3901,2451036.0,245116881840.0,549440,0,0,2448,4352,272,112,272
CONNECTICUT,CT,2,OTHER,15760,4938100.0,493836704600.0,1106960,0,0,4932,8768,548,224,548
CONNECTICUT,CT,2,REPUBLICAN,140340,2469050.0,246918352300.0,553480,0,0,2466,4384,274,112,274
CONNECTICUT,CT,3,DEMOCRAT,194259,3242856.0,324303667390.0,727200,0,0,3240,5760,360,328,360
CONNECTICUT,CT,3,OTHER,20276,9584456.0,958499146690.0,2149280,0,0,9576,17024,1064,968,1064
CONNECTICUT,CT,3,REPUBLICAN,131566,3242856.0,324303667390.0,727200,0,0,3240,5760,360,328,360
CONNECTICUT,CT,4,DEMOCRAT,224432,2376280.0,237640181920.0,533280,0,0,2376,4224,264,264,264
CONNECTICUT,CT,4,OTHER,5647,2358278.0,235839944220.0,529240,0,0,2358,4192,262,262,262
CONNECTICUT,CT,4,REPUBLICAN,130627,2376280.0,237640181920.0,533280,0,0,2376,4224,264,264,264
CONNECTICUT,CT,5,DEMOCRAT,183797,2791482.0,279162547060.0,626200,0,0,2790,4960,310,160,310
CONNECTICUT,CT,5,OTHER,13739,5564946.0,556523133980.0,1248360,0,0,5562,9888,618,318,618
CONNECTICUT,CT,5,REPUBLICAN,151988,2791482.0,279162547060.0,626200,0,0,2790,4960,310,160,310
DELAWARE,DE,0,DEMOCRAT,281382,8722552.0,8722552.0,1761440,0,0,8720,44472,9592,0,872
DELAWARE,DE,0,LIBERTARIAN,3814,8722552.0,8722552.0,1761440,0,0,8720,44472,9592,0,872
DELAWARE,DE,0,OTHER,6682,8722552.0,8722552.0,1761440,0,0,8720,44472,9592,0,872
DELAWARE,DE,0,REPUBLICAN,196392,8722552.0,8722552.0,1761440,0,0,8720,44472,9592,0,872
DISTRICT OF COLUMBIA,DC,0,DEMOCRAT,281831,1584144.0,1584144.0,290880,0,0,1584,7632,7920,0,144
DISTRICT OF COLUMBIA,DC,0,LIBERTARIAN,9678,1584144.0,1584144.0,290880,0,0,1584,7632,7920,0,144
DISTRICT OF COLUMBIA,DC,0,OTHER,32815,9504864.0,9504864.0,1745280,0,0,9504,45792,47520,0,864
FLORIDA,FL,1,DEMOCRAT,149172,2415110.0,2415110.0,404000,0,0,2400,11800,8600,0,200
FLORIDA,FL,1,REPUBLICAN,283352,2415110.0,2415110.0,404000,0,0,2400,11800,8600,0,200
FLORIDA,FL,2,REPUBLICAN,305337,3606789.0,3606789.0,603980,0,0,3588,17641,12857,0,299
FLORIDA,FL,3,DEMOCRAT,167326,2626032.0,2626032.0,440360,0,0,2616,12862,9374,0,218
FLORIDA,FL,3,REPUBLICAN,223075,2626032.0,2626032.0,440360,0,0,2616,12862,9374,0,218
FLORIDA,FL,4,DEMOCRAT,196423,2205975.0,2205975.0,369660,0,0,2196,10797,7869,0,183
FLORIDA,FL,4,REPUBLICAN,308497,2205975.0,2205975.0,369660,0,0,2196,10797,7869,0,183
FLORIDA,FL,5,DEMOCRAT,219463,3289319.0,3289319.0,551460,0,0,3276,16107,11739,0,273
FLORIDA,FL,5,REPUBLICAN,117510,3289319.0,3289319.0,551460,0,0,3276,16107,11739,0,273
FLORIDA,FL,6,DEMOCRAT,172305,2251560.0,2251560.0,375720,0,0,2232,10974,7998,0,186
FLORIDA,FL,6,REPUBLICAN,265393,2251560.0,2251560.0,375720,0,0,2232,10974,7998,0,186
FLORIDA,FL,7,DEMOCRAT,224955,1864632.0,1864632.0,311080,0,0,1848,9086,6622,0,154
FLORIDA,FL,7,REPUBLICAN,175741,1864632.0,1864632.0,311080,0,0,1848,9086,6622,0,154
FLORIDA,FL,8,DEMOCRAT,177695,2548244.0,2548244.0,428240,0,0,2544,12508,9116,0,212
FLORIDA,FL,8,REPUBLICAN,282093,2548244.0,2548244.0,428240,0,0,2544,12508,9116,0,212
FLORIDA,FL,9,DEMOCRAT,240724,2553015.0,2553015.0,426220,0,0,2532,12449,9073,0,211
FLORIDA,FL,9,REPUBLICAN,188889,2553015.0,2553015.0,426220,0,0,2532,12449,9073,0,211
FLORIDA,FL,10,DEMOCRAT,239434,1741680.0,1741680.0,290880,0,0,1728,8496,6192,0,144
FLORIDA,FL,10,REPUBLICAN,136889,1741680.0,1741680.0,290880,0,0,1728,8496,6192,0,144
FLORIDA,FL,11,DEMOCRAT,158094,2377469.0,2377469.0,397940,0,0,2364,11623,8471,0,197
FLORIDA,FL,11,REPUBLICAN,316979,2377469.0,2377469.0,397940,0,0,2364,11623,8471,0,197
FLORIDA,FL,12,DEMOCRAT,168194,2165847.0,2165847.0,361580,0,0,2148,10561,7697,0,179
FLORIDA,FL,12,REPUBLICAN,284941,2165847.0,2165847.0,361580,0,0,2148,10561,7697,0,179
FLORIDA,FL,13,DEMOCRAT,215405,2916823.0,2916823.0,486820,0,0,2892,14219,10363,0,241
FLORIDA,FL,13,REPUBLICAN,190713,2916823.0,2916823.0,486820,0,0,2892,14219,10363,0,241
FLORIDA,FL,14,DEMOCRAT,224240,2519913.0,2519913.0,422180,0,0,2508,12331,8987,0,209
FLORIDA,FL,14,REPUBLICAN,147896,2519913.0,2519913.0,422180,0,0,2508,12331,8987,0,209
FLORIDA,FL,15,DEMOCRAT,174297,2342418.0,2342418.0,391880,0,0,2328,11446,8342,0,194
FLORIDA,FL,15,REPUBLICAN,216374,2342418.0,2342418.0,391880,0,0,2328,11446,8342,0,194
FLORIDA,FL,16,DEMOCRAT,215683,2247182.0,2247182.0,375720,0,0,2232,10974,7998,0,186
FLORIDA,FL,16,REPUBLICAN,269001,2247182.0,2247182.0,375720,0,0,2232,10974,7998,0,186
FLORIDA,FL,17,DEMOCRAT,140487,2834525.0,2834525.0,474700,0,0,2820,13865,10105,0,235
FLORIDA,FL,17,REPUBLICAN,266514,2834525.0,2834525.0,474700,0,0,2820,13865,10105,0,235
FLORIDA,FL,18,DEMOCRAT,186674,4186630.0,4186630.0,698920,0,0,4152,20414,14878,0,346
FLORIDA,FL,18,REPUBLICAN,253286,4186630.0,4186630.0,698920,0,0,4152,20414,14878,0,346
FLORIDA,FL,19,DEMOCRAT,172146,1772687.0,1772687.0,296940,0,0,1764,8673,6321,0,147
FLORIDA,FL,19,REPUBLICAN,272440,1772687.0,1772687.0,296940,0,0,1764,8673,6321,0,147
FLORIDA,FL,20,DEMOCRAT,253661,3580203.0,3580203.0,599940,0,0,3564,17523,12771,0,297
FLORIDA,FL,20,REPUBLICAN,68748,3580203.0,3580203.0,599940,0,0,3564,17523,12771,0,297
FLORIDA,FL,21,DEMOCRAT,237925,4972689.0,4972689.0,830220,0,0,4932,24249,17673,0,411
FLORIDA,FL,21,REPUBLICAN,157612,4972689.0,4972689.0,830220,0,0,4932,24249,17673,0,411
FLORIDA,FL,22,DEMOCRAT,235764,3260173.0,3260173.0,547420,0,0,3252,15989,11653,0,271
FLORIDA,FL,22,REPUBLICAN,166553,3260173.0,3260173.0,547420,0,0,3252,15989,11653,0,271
FLORIDA,FL,23,DEMOCRAT,221239,2800213.0,2800213.0,470660,0,0,2796,13747,10019,0,233
FLORIDA,FL,23,REPUBLICAN,158874,2800213.0,2800213.0,470660,0,0,2796,13747,10019,0,233
FLORIDA,FL,24,DEMOCRAT,218825,3284917.0,3284917.0,549440,0,0,3264,16048,11696,0,272
FLORIDA,FL,24,REPUBLICAN,59084,3284917.0,3284917.0,549440,0,0,3264,16048,11696,0,272
FLORIDA,FL,26,DEMOCRAT,165401,2997361.0,2997361.0,500960,0,0,2976,14632,10664,0,248
FLORIDA,FL,26,REPUBLICAN,177215,2997361.0,2997361.0,500960,0,0,2976,14632,10664,0,248
FLORIDA,FL,27,DEMOCRAT,166758,2997328.0,2997328.0,500960,0,0,2976,14632,10664,0,248
FLORIDA,FL,27,REPUBLICAN,176141,2997328.0,2997328.0,500960,0,0,2976,14632,10664,0,248
GEORGIA,GA,1,DEMOCRAT,135238,11849952.0,11849952.0,1826080,0,0,11752,52432,39776,0,904
GEORGIA,GA,1,REPUBLICAN,189457,11849952.0,11849952.0,1826080,0,0,11752,52432,39776,0,904
GEORGIA,GA,2,DEMOCRAT,161397,11203244.0,11203244.0,1721040,0,0,11076,49416,37488,0,852
GEORGIA,GA,2,REPUBLICAN,111620,11203244.0,11203244.0,1721040,0,0,11076,49416,37488,0,852
GEORGIA,GA,3,DEMOCRAT,129792,9679712.0,9679712.0,1486720,0,0,9568,42688,32384,0,736
GEORGIA,GA,3,REPUBLICAN,241526,9679712.0,9679712.0,1486720,0,0,9568,42688,32384,0,736
GEORGIA,GA,4,DEMOCRAT,278906,8872724.0,8872724.0,1365520,0,0,8788,39208,29744,0,676
GEORGIA,GA,4,REPUBLICAN,69393,8872724.0,8872724.0,1365520,0,0,8788,39208,29744,0,676
GEORGIA,GA,5,DEMOCRAT,301857,14105892.0,14105892.0,2173520,0,0,13988,62408,47344,0,1076
GEORGIA,GA,5,REPUBLICAN,52646,14105892.0,14105892.0,2173520,0,0,13988,62408,47344,0,1076
GEORGIA,GA,6,DEMOCRAT,216775,10690216.0,10690216.0,1648320,0,0,10608,47328,35904,0,816
GEORGIA,GA,6,REPUBLICAN,180329,10690216.0,10690216.0,1648320,0,0,10608,47328,35904,0,816
GEORGIA,GA,7,DEMOCRAT,190900,6671500.0,6671500.0,1026160,0,0,6604,29464,22352,0,508
GEORGIA,GA,7,REPUBLICAN,180564,6671500.0,6671500.0,1026160,0,0,6604,29464,22352,0,508
GEORGIA,GA,8,DEMOCRAT,109264,10910540.0,10910540.0,1672560,0,0,10764,48024,36432,0,828
GEORGIA,GA,8,REPUBLICAN,198701,10910540.0,10910540.0,1672560,0,0,10764,48024,36432,0,828
GEORGIA,GA,9,DEMOCRAT,79797,8733736.0,8733736.0,1341280,0,0,8632,38512,29216,0,664
GEORGIA,GA,9,REPUBLICAN,292750,8733736.0,8733736.0,1341280,0,0,8632,38512,29216,0,664
GEORGIA,GA,10,DEMOCRAT,142636,10531088.0,10531088.0,1616000,0,0,10400,46400,35200,0,800
GEORGIA,GA,10,REPUBLICAN,235810,10531088.0,10531088.0,1616000,0,0,10400,46400,35200,0,800
GEORGIA,GA,11,DEMOCRAT,160623,7681420.0,7681420.0,1187760,0,0,7644,34104,25872,0,588
GEORGIA,GA,11,REPUBLICAN,245259,7681420.0,7681420.0,1187760,0,0,7644,34104,25872,0,588
GEORGIA,GA,12,DEMOCRAT,129061,12733776.0,12733776.0,1955360,0,0,12584,56144,42592,0,968
GEORGIA,GA,12,REPUBLICAN,181038,12733776.0,12733776.0,1955360,0,0,12584,56144,42592,0,968
GEORGIA,GA,13,DEMOCRAT,279045,9797716.0,9797716.0,1510960,0,0,9724,43384,32912,0,748
GEORGIA,GA,13,REPUBLICAN,81476,9797716.0,9797716.0,1510960,0,0,9724,43384,32912,0,748
GEORGIA,GA,14,DEMOCRAT,77798,8117376.0,8117376.0,1244320,0,0,8008,35728,27104,0,616
GEORGIA,GA,14,REPUBLICAN,229827,8117376.0,8117376.0,1244320,0,0,8008,35728,27104,0,616
HAWAII,HI,1,DEMOCRAT,183245,5176035.0,5176035.0,696900,0,0,5175,32775,28290,0,345
HAWAII,HI,1,REPUBLICAN,71188,5176035.0,5176035.0,696900,0,0,5175,32775,28290,0,345
HAWAII,HI,2,DEMOCRAT,171517,6076779.0,6076779.0,818100,0,0,6075,38475,33210,0,405
HAWAII,HI,2,LIBERTARIAN,6785,6076779.0,6076779.0,818100,0,0,6075,38475,33210,0,405
HAWAII,HI,2,OTHER,9773,18230337.0,18230337.0,2454300,0,0,18225,115425,99630,0,1215
HAWAII,HI,2,REPUBLICAN,84027,6076779.0,6076779.0,818100,0,0,6075,38475,33210,0,405
IDAHO,ID,1,DEMOCRAT,131380,7554923.0,7554923.0,951420,0,0,7536,38622,29673,0,471
IDAHO,ID,1,LIBERTARIAN,16453,7554923.0,7554923.0,951420,0,0,7536,38622,29673,0,471
IDAHO,ID,1,OTHER,7,7554923.0,7554923.0,951420,0,471,7536,38622,29673,0,471
IDAHO,ID,1,REPUBLICAN,310736,7554923.0,7554923.0,951420,0,0,7536,38622,29673,0,471
IDAHO,ID,2,DEMOCRAT,124151,8064287.0,8064287.0,1016060,0,0,8048,41246,31689,0,503
IDAHO,ID,2,LIBERTARIAN,7940,8064287.0,8064287.0,1016060,0,0,8048,41246,31689,0,503
IDAHO,ID,2,OTHER,8573,8064287.0,8064287.0,1016060,0,0,8048,41246,31689,0,503
IDAHO,ID,2,REPUBLICAN,250669,8064287.0,8064287.0,1016060,0,0,8048,41246,31689,0,503
ILLINOIS,IL,1,DEMOCRAT,239943,10328588.0,10328588.0,1224120,0,0,10302,19998,12726,0,606
ILLINOIS,IL,1,REPUBLICAN,85027,10294526.0,10294526.0,1220080,0,0,10268,19932,12684,0,604
ILLINOIS,IL,2,DEMOCRAT,234896,8847411.0,8847411.0,1048380,0,0,8823,17127,10899,0,519
ILLINOIS,IL,2,REPUBLICAN,63142,8796318.0,8796318.0,1042320,0,0,8772,17028,10836,0,516
ILLINOIS,IL,3,DEMOCRAT,172997,8471569.0,8471569.0,1003940,0,0,8449,16401,10437,0,497
ILLINOIS,IL,3,REPUBLICAN,133851,8420476.0,8420476.0,997880,0,0,8398,16302,10374,0,494
ILLINOIS,IL,4,DEMOCRAT,187219,7561764.0,7561764.0,896880,0,0,7548,14652,9324,0,444
ILLINOIS,IL,4,REPUBLICAN,35518,7476609.0,7476609.0,886780,0,0,7463,14487,9219,0,439
ILLINOIS,IL,5,DEMOCRAT,255661,9963963.0,9963963.0,1181700,0,0,9945,19305,12285,0,585
ILLINOIS,IL,5,OTHER,9408,9844746.0,9844746.0,1167560,0,0,9826,19074,12138,0,578
ILLINOIS,IL,5,REPUBLICAN,96200,9912870.0,9912870.0,1175640,0,0,9894,19206,12222,0,582
ILLINOIS,IL,6,DEMOCRAT,213777,10916506.0,10916506.0,1292800,0,0,10880,21120,13440,0,640
ILLINOIS,IL,6,LIBERTARIAN,7079,10899475.0,10899475.0,1290780,0,0,10863,21087,13419,0,639
ILLINOIS,IL,6,REPUBLICAN,183891,10916506.0,10916506.0,1292800,0,0,10880,21120,13440,0,640
ILLINOIS,IL,7,DEMOCRAT,249383,10150476.0,10150476.0,1203920,0,0,10132,19668,12516,0,596
ILLINOIS,IL,7,OTHER,19355,10099383.0,10099383.0,1197860,0,0,10081,19569,12453,0,593
ILLINOIS,IL,7,REPUBLICAN,41390,10065321.0,10065321.0,1193820,0,0,10047,19503,12411,0,591
ILLINOIS,IL,8,DEMOCRAT,186251,8095663.0,8095663.0,959500,0,0,8075,15675,9975,0,475
ILLINOIS,IL,8,LIBERTARIAN,68327,8095663.0,8095663.0,959500,0,0,8075,15675,9975,0,475
ILLINOIS,IL,9,DEMOCRAT,262045,8770965.0,8770965.0,1040300,0,0,8755,16995,10815,0,515
ILLINOIS,IL,9,REPUBLICAN,107125,8736903.0,8736903.0,1036260,0,0,8721,16929,10773,0,513
ILLINOIS,IL,10,DEMOCRAT,202402,7020135.0,7020135.0,830220,0,0,6987,13563,8631,0,411
ILLINOIS,IL,10,REPUBLICAN,114442,7020135.0,7020135.0,830220,0,0,6987,13563,8631,0,411
ILLINOIS,IL,11,DEMOCRAT,194557,8003264.0,8003264.0,945360,0,0,7956,15444,9828,0,468
ILLINOIS,IL,11,REPUBLICAN,112807,8003264.0,8003264.0,945360,0,0,7956,15444,9828,0,468
ILLINOIS,IL,12,DEMOCRAT,127577,11122009.0,11122009.0,1310980,0,0,11033,21417,13629,0,649
ILLINOIS,IL,12,REPUBLICAN,194839,11122009.0,11122009.0,1310980,0,0,11033,21417,13629,0,649
ILLINOIS,IL,13,DEMOCRAT,151648,10310861.0,10310861.0,1218060,0,0,10251,19899,12663,0,603
ILLINOIS,IL,13,REPUBLICAN,181373,10310861.0,10310861.0,1218060,0,0,10251,19899,12663,0,603
ILLINOIS,IL,14,DEMOCRAT,203209,7901770.0,7901770.0,933240,0,0,7854,15246,9702,0,462
ILLINOIS,IL,14,REPUBLICAN,197835,7901770.0,7901770.0,933240,0,0,7854,15246,9702,0,462
ILLINOIS,IL,15,DEMOCRAT,88559,13934379.0,13934379.0,1646300,0,0,13855,26895,17115,0,815
ILLINOIS,IL,15,REPUBLICAN,244947,13934379.0,13934379.0,1646300,0,0,13855,26895,17115,0,815
ILLINOIS,IL,16,DEMOCRAT,119313,11154224.0,11154224.0,1317040,0,0,11084,21516,13692,0,652
ILLINOIS,IL,16,REPUBLICAN,218839,11154224.0,11154224.0,1317040,0,0,11084,21516,13692,0,652
ILLINOIS,IL,17,DEMOCRAT,156011,11533547.0,11533547.0,1359460,0,0,11441,22209,14133,0,673
ILLINOIS,IL,17,REPUBLICAN,143863,11533547.0,11533547.0,1359460,0,0,11441,22209,14133,0,673
ILLINOIS,IL,18,DEMOCRAT,110039,13099999.0,13099999.0,1545300,0,0,13005,25245,16065,0,765
ILLINOIS,IL,18,REPUBLICAN,261840,13099999.0,13099999.0,1545300,0,0,13005,25245,16065,0,765
INDIANA,IN,1,DEMOCRAT,172543,8651216.0,8651216.0,965560,0,0,8604,15296,10516,478,478
INDIANA,IN,1,LIBERTARIAN,8396,8651216.0,8651216.0,965560,0,0,8604,15296,10516,478,478
INDIANA,IN,1,REPUBLICAN,121563,8651216.0,8651216.0,965560,0,0,8604,15296,10516,478,478
INDIANA,IN,2,DEMOCRAT,36642,3884815.0,3884815.0,434300,0,0,3870,6880,4730,215,215
INDIANA,IN,2,REPUBLICAN,88113,3884815.0,3884815.0,434300,0,0,3870,6880,4730,215,215
INDIANA,IN,3,DEMOCRAT,98499,9707854.0,9707854.0,1086760,0,0,9684,17216,11836,538,538
INDIANA,IN,3,REPUBLICAN,200129,9707854.0,9707854.0,1086760,0,0,9684,17216,11836,538,538
INDIANA,IN,4,DEMOCRAT,33674,4496523.0,4496523.0,502980,0,0,4482,7968,5478,249,249
INDIANA,IN,4,REPUBLICAN,81575,4496523.0,4496523.0,502980,0,0,4482,7968,5478,249,249
INDIANA,IN,5,DEMOCRAT,189320,10607673.0,10607673.0,1185740,0,0,10566,18784,12914,587,587
INDIANA,IN,5,LIBERTARIAN,16276,10607673.0,10607673.0,1185740,0,0,10566,18784,12914,587,587
INDIANA,IN,5,REPUBLICAN,202672,10607673.0,10607673.0,1185740,0,0,10566,18784,12914,587,587
INDIANA,IN,6,DEMOCRAT,64951,7665392.0,7665392.0,856480,0,0,7632,13568,9328,424,424
INDIANA,IN,6,LIBERTARIAN,7795,7665392.0,7665392.0,856480,0,0,7632,13568,9328,424,424
INDIANA,IN,6,REPUBLICAN,143836,7665392.0,7665392.0,856480,0,0,7632,13568,9328,424,424
INDIANA,IN,7,DEMOCRAT,176422,8270329.0,8270329.0,923140,0,0,8226,14624,10054,457,457
INDIANA,IN,7,REPUBLICAN,106146,8270329.0,8270329.0,923140,0,0,8226,14624,10054,457,457
INDIANA,IN,8,DEMOCRAT,46822,5765426.0,5765426.0,642360,0,0,5724,10176,6996,318,318
INDIANA,IN,8,LIBERTARIAN,4792,5765426.0,5765426.0,642360,0,0,5724,10176,6996,318,318
INDIANA,IN,8,REPUBLICAN,97837,5765426.0,5765426.0,642360,0,0,5724,10176,6996,318,318
INDIANA,IN,9,DEMOCRAT,88015,6431830.0,6431830.0,719120,0,0,6408,11392,7832,356,356
INDIANA,IN,9,LIBERTARIAN,9217,6431830.0,6431830.0,719120,0,0,6408,11392,7832,356,356
INDIANA,IN,9,REPUBLICAN,131317,6431830.0,6431830.0,719120,0,0,6408,11392,7832,356,356
IOWA,IA,1,DEMOCRAT,201347,15567696.0,15567696.0,1648320,0,0,15504,34272,25296,0,816
IOWA,IA,1,REPUBLICAN,212088,15567696.0,15567696.0,1648320,0,0,15504,34272,25296,0,816
IOWA,IA,2,DEMOCRAT,196855,14983988.0,14983988.0,1583680,0,0,14896,32928,24304,0,784
IOWA,IA,2,REPUBLICAN,196891,14983988.0,14983988.0,1583680,0,0,14896,32928,24304,0,784
IOWA,IA,3,DEMOCRAT,219205,14198322.0,14198322.0,1498840,0,0,14098,31164,23002,0,742
IOWA,IA,3,LIBERTARIAN,15361,14198322.0,14198322.0,1498840,0,0,14098,31164,23002,0,742
IOWA,IA,3,REPUBLICAN,212997,14198322.0,14198322.0,1498840,0,0,14098,31164,23002,0,742
IOWA,IA,4,DEMOCRAT,144761,18727388.0,18727388.0,1979600,0,0,18620,41160,30380,0,980
IOWA,IA,4,REPUBLICAN,237369,18727388.0,18727388.0,1979600,0,0,18620,41160,30380,0,980
KANSAS,KS,1,DEMOCRAT,84393,25146144.0,25146144.0,2525000,0,0,25000,58750,40000,0,1250
KANSAS,KS,1,REPUBLICAN,208229,26251773.0,26251773.0,2636100,0,0,26100,61335,41760,0,1305
KANSAS,KS,2,DEMOCRAT,136650,17850288.0,17850288.0,1793760,0,0,17760,41736,28416,0,888
KANSAS,KS,2,LIBERTARIAN,14201,17226735.0,17226735.0,1731140,0,0,17140,40279,27424,0,857
KANSAS,KS,2,REPUBLICAN,185464,17810278.0,17810278.0,1789720,0,0,17720,41642,28352,0,886
KANSAS,KS,3,DEMOCRAT,220049,11505658.0,11505658.0,1155440,0,0,11440,26884,18304,0,572
KANSAS,KS,3,LIBERTARIAN,11596,10983144.0,10983144.0,1102920,0,0,10920,25662,17472,0,546
KANSAS,KS,3,REPUBLICAN,178773,11626086.0,11626086.0,1167560,0,0,11560,27166,18496,0,578
KANSAS,KS,4,DEMOCRAT,116166,12312822.0,12312822.0,1236240,0,0,12240,28764,19584,0,612
KANSAS,KS,4,REPUBLICAN,203432,12553960.0,12553960.0,1260480,0,0,12480,29328,19968,0,624
KENTUCKY,KY,1,DEMOCRAT,82122,1690188.0,1690188.0,161600,0,0,1680,4880,4080,33,80
KENTUCKY,KY,1,REPUBLICAN,246308,1690188.0,1690188.0,161600,0,0,1680,4880,4080,33,80
KENTUCKY,KY,2,DEMOCRAT,94638,823545.0,823545.0,78780,0,0,819,2379,1989,16,39
KENTUCKY,KY,2,LIBERTARIAN,7588,823545.0,823545.0,78780,0,0,819,2379,1989,16,39
KENTUCKY,KY,2,OTHER,2431,823545.0,823545.0,78780,0,0,819,2379,1989,16,39
KENTUCKY,KY,2,REPUBLICAN,255728,823545.0,823545.0,78780,0,0,819,2379,1989,16,39
KENTUCKY,KY,3,DEMOCRAT,230603,12835488.0,12835488.0,1228160,0,0,12768,37088,31008,0,608
KENTUCKY,KY,3,REPUBLICAN,137396,12835488.0,12835488.0,1228160,0,0,12768,37088,31008,0,608
KENTUCKY,KY,4,DEMOCRAT,125881,1837313.0,1837313.0,175740,0,0,1827,5307,4437,10,87
KENTUCKY,KY,4,REPUBLICAN,256599,1837313.0,1837313.0,175740,0,0,1827,5307,4437,10,87
KENTUCKY,KY,5,DEMOCRAT,46993,5130735.0,5130735.0,490860,0,0,5103,14823,12393,31,243
KENTUCKY,KY,5,REPUBLICAN,250660,5130735.0,5130735.0,490860,0,0,5103,14823,12393,31,243
KENTUCKY,KY,6,DEMOCRAT,154973,3058579.0,3058579.0,292900,0,0,3045,8845,7395,14,145
KENTUCKY,KY,6,LIBERTARIAN,6488,3058579.0,3058579.0,292900,0,0,3045,8845,7395,14,145
KENTUCKY,KY,6,REPUBLICAN,216927,3058579.0,3058579.0,292900,0,0,3045,8845,7395,14,145
LOUISIANA,LA,1,DEMOCRAT,94730,12675010.0,12675010.0,1159480,0,0,12628,41328,25830,0,574
LOUISIANA,LA,1,LIBERTARIAN,9309,12675010.0,12675010.0,1159480,0,0,12628,41328,25830,0,574
LOUISIANA,LA,1,REPUBLICAN,270330,12675010.0,12675010.0,1159480,0,0,12628,41328,25830,0,574
LOUISIANA,LA,2,DEMOCRAT,235320,29872702.0,29872702.0,2735080,0,0,29788,97488,60930,0,1354
LOUISIANA,LA,2,OTHER,18522,29872702.0,29872702.0,2735080,0,0,29788,97488,60930,0,1354
LOUISIANA,LA,2,REPUBLICAN,63140,29872702.0,29872702.0,2735080,0,0,29788,97488,60930,0,1354
LOUISIANA,LA,3,DEMOCRAT,100275,25847520.0,25847520.0,2367440,0,0,25784,84384,52740,0,1172
LOUISIANA,LA,3,LIBERTARIAN,9365,12923760.0,12923760.0,1183720,0,0,12892,42192,26370,0,586
LOUISIANA,LA,3,REPUBLICAN,230480,12923760.0,12923760.0,1183720,0,0,12892,42192,26370,0,586
LOUISIANA,LA,4,DEMOCRAT,101970,34355118.0,34355118.0,3147160,0,0,34276,112176,70110,0,1558
LOUISIANA,LA,4,REPUBLICAN,204608,34355118.0,34355118.0,3147160,0,0,34276,112176,70110,0,1558
LOUISIANA,LA,5,DEMOCRAT,99566,77072148.0,77072148.0,7053840,0,0,76824,251424,157140,0,3492
LOUISIANA,LA,5,REPUBLICAN,209990,96340185.0,96340185.0,8817300,0,0,96030,314280,196425,0,4365
LOUISIANA,LA,6,DEMOCRAT,95541,13339947.0,13339947.0,1222100,0,0,13310,43560,27225,0,605
LOUISIANA,LA,6,LIBERTARIAN,9732,13339947.0,13339947.0,1222100,0,0,13310,43560,27225,0,605
LOUISIANA,LA,6,OTHER,3017,13339947.0,13339947.0,1222100,0,0,13310,43560,27225,0,605
LOUISIANA,LA,6,REPUBLICAN,265706,13339947.0,13339947.0,1222100,0,0,13310,43560,27225,0,605
MAINE,ME,1,DEMOCRAT,271004,2715931.0,269298285672.0,238360,0,0,2714,1298,236,0,118
MAINE,ME,1,REPUBLICAN,165008,2715931.0,269298285672.0,238360,0,0,2714,1298,236,0,118
MAINE,ME,2,DEMOCRAT,197974,9206261.0,865402511540.0,808000,0,0,9200,4400,800,24,400
MAINE,ME,2,REPUBLICAN,175228,9206261.0,865402511540.0,808000,0,0,9200,4400,800,24,400
MARYLAND,MD,1,DEMOCRAT,143877,35682105.0,35682105.0,2999700,0,0,35640,77220,77220,0,1485
MARYLAND,MD,1,REPUBLICAN,250901,35682105.0,35682105.0,2999700,0,0,35640,77220,77220,0,1485
MARYLAND,MD,2,DEMOCRAT,224836,26975850.0,26975850.0,2262400,0,0,26880,58240,58240,0,1120
MARYLAND,MD,2,REPUBLICAN,106355,26975850.0,26975850.0,2262400,0,0,26880,58240,58240,0,1120
MARYLAND,MD,3,DEMOCRAT,260358,30327110.0,30327110.0,2535100,0,0,30120,65260,65260,0,1255
MARYLAND,MD,3,REPUBLICAN,112117,30327110.0,30327110.0,2535100,0,0,30120,65260,65260,0,1255
MARYLAND,MD,4,DEMOCRAT,282119,31592445.0,31592445.0,2656300,0,0,31560,68380,68380,0,1315
MARYLAND,MD,4,REPUBLICAN,71671,31592445.0,31592445.0,2656300,0,0,31560,68380,68380,0,1315
MARYLAND,MD,5,DEMOCRAT,274210,28230295.0,28230295.0,2373500,0,0,28200,61100,61100,0,1175
MARYLAND,MD,5,REPUBLICAN,123525,28230295.0,28230295.0,2373500,0,0,28200,61100,61100,0,1175
MARYLAND,MD,6,DEMOCRAT,215540,29192535.0,29192535.0,2454300,0,0,29160,63180,63180,0,1215
MARYLAND,MD,6,OTHER,6939,58385070.0,58385070.0,4908600,0,1215,58320,126360,126360,0,2430
MARYLAND,MD,6,REPUBLICAN,143599,29192535.0,29192535.0,2454300,0,0,29160,63180,63180,0,1215
MARYLAND,MD,7,DEMOCRAT,237105,76579890.0,76579890.0,6363000,3150,1575,75600,163800,163800,0,3150
MARYLAND,MD,7,REPUBLICAN,92841,76579890.0,76579890.0,6363000,3150,1575,75600,163800,163800,0,3150
MARYLAND,MD,8,DEMOCRAT,274743,49735630.0,49735630.0,4181400,0,1035,49680,107640,107640,0,2070
MARYLAND,MD,8,REPUBLICAN,127157,24867815.0,24867815.0,2090700,0,0,24840,53820,53820,0,1035
MASSACHUSETTS,MA,1,DEMOCRAT,276650,13856594.0,1385684988952.0,1119080,0,277,13850,7756,1662,0,554
MASSACHUSETTS,MA,2,DEMOCRAT,249854,5880463.0,588058129114.0,474700,0,0,5875,3290,705,0,235
MASSACHUSETTS,MA,2,REPUBLICAN,132220,5880463.0,588058129114.0,474700,0,0,5875,3290,705,0,235
MASSACHUSETTS,MA,3,DEMOCRAT,286896,5628723.0,562879624490.0,454500,0,0,5625,3150,675,0,225
MASSACHUSETTS,MA,4,DEMOCRAT,251102,5503016.0,550310351961.0,444400,0,0,5500,3080,660,0,220
MASSACHUSETTS,MA,4,REPUBLICAN,160474,5503016.0,550310351961.0,444400,0,0,5500,3080,660,0,220
MASSACHUSETTS,MA,5,DEMOCRAT,294427,6079377.0,607948486045.0,490860,0,0,6075,3402,729,0,243
MASSACHUSETTS,MA,5,REPUBLICAN,101351,6079377.0,607948486045.0,490860,0,0,6075,3402,729,0,243
MASSACHUSETTS,MA,6,DEMOCRAT,286377,5752510.0,575260119465.0,464600,0,0,5750,3220,690,0,230
MASSACHUSETTS,MA,6,REPUBLICAN,150695,5752510.0,575260119465.0,464600,0,0,5750,3220,690,0,230
MASSACHUSETTS,MA,7,DEMOCRAT,267362,6756290.0,675633094925.0,545400,0,0,6750,3780,810,0,270
MASSACHUSETTS,MA,7,OTHER,38675,6756290.0,675633094925.0,545400,0,0,6750,3780,810,0,270
MASSACHUSETTS,MA,7,REPUBLICAN,707,20268870.0,2026899284775.0,1636200,0,810,20250,11340,2430,0,810
MASSACHUSETTS,MA,8,DEMOCRAT,310940,6280635.0,628071356631.0,507020,0,0,6275,3514,753,0,251
MASSACHUSETTS,MA,8,OTHER,72060,6280635.0,628071356631.0,507020,0,0,6275,3514,753,0,251
MASSACHUSETTS,MA,9,DEMOCRAT,260262,5552210.0,555229158415.0,448440,0,0,5550,3108,666,0,222
MASSACHUSETTS,MA,9,OTHER,9717,5552210.0,555229158415.0,448440,0,0,5550,3108,666,0,222
MASSACHUSETTS,MA,9,REPUBLICAN,154261,5552210.0,555229158415.0,448440,0,0,5550,3108,666,0,222
MICHIGAN,MI,1,DEMOCRAT,153328,12850877.0,1282499929369.0,995860,0,0,12818,16762,11339,14,493
MICHIGAN,MI,1,LIBERTARIAN,6310,12850877.0,1282499929369.0,995860,0,0,12818,16762,11339,1,493
MICHIGAN,MI,1,REPUBLICAN,256581,12850877.0,1282499929369.0,995860,0,0,12818,16762,11339,1,493
MICHIGAN,MI,2,DEMOCRAT,154122,8357160.0,835732089240.0,646400,0,0,8320,10880,7360,0,320
MICHIGAN,MI,2,LIBERTARIAN,5292,8357160.0,835732089240.0,646400,0,0,8320,10880,7360,0,320
MICHIGAN,MI,2,OTHER,5122,16714320.0,1671464178480.0,1292800,0,0,16640,21760,14720,0,640
MICHIGAN,MI,2,REPUBLICAN,238711,8357160.0,835732089240.0,646400,0,0,8320,10880,7360,0,320
MICHIGAN,MI,3,DEMOCRAT,189769,8001689.0,797576337785.0,620140,0,0,7982,10438,7061,59,307
MICHIGAN,MI,3,REPUBLICAN,213649,8001689.0,797576337785.0,620140,0,0,7982,10438,7061,59,307
MICHIGAN,MI,4,DEMOCRAT,120075,9893655.0,978961903872.0,765580,0,0,9854,12886,8717,107,379
MICHIGAN,MI,4,LIBERTARIAN,5365,9893655.0,978961903872.0,765580,0,0,9854,12886,8717,86,379
MICHIGAN,MI,4,OTHER,4441,9893655.0,978961903872.0,765580,0,0,9854,12886,8717,86,379
MICHIGAN,MI,4,REPUBLICAN,242292,9893655.0,978961903872.0,765580,0,0,9854,12886,8717,107,379
MICHIGAN,MI,5,DEMOCRAT,196599,9094583.0,906869916057.0,704980,0,0,9074,11866,8027,47,349
MICHIGAN,MI,5,LIBERTARIAN,5481,9094583.0,906869916057.0,704980,0,0,9074,11866,8027,47,349
MICHIGAN,MI,5,OTHER,8180,9094583.0,906869916057.0,704980,0,0,9074,11866,8027,47,349
MICHIGAN,MI,5,REPUBLICAN,150772,9094583.0,906869916057.0,704980,0,0,9074,11866,8027,47,349
MICHIGAN,MI,6,DEMOCRAT,152085,7610880.0,755898184592.0,589840,0,0,7592,9928,6716,79,292
MICHIGAN,MI,6,LIBERTARIAN,10399,7610880.0,755898184592.0,589840,0,0,7592,9928,6716,2,292
MICHIGAN,MI,6,OTHER,4440,7610880.0,755898184592.0,589840,0,0,7592,9928,6716,2,292
MICHIGAN,MI,6,REPUBLICAN,211496,7610880.0,755898184592.0,589840,0,0,7592,9928,6716,79,292
MICHIGAN,MI,7,DEMOCRAT,158088,8191462.0,816554687055.0,634280,0,0,8164,10676,7222,52,314
MICHIGAN,MI,7,REPUBLICAN,227217,8191462.0,816554687055.0,634280,0,0,8164,10676,7222,52,314
MICHIGAN,MI,8,DEMOCRAT,217922,7880230.0,785430402510.0,610040,0,0,7852,10268,6946,116,302
MICHIGAN,MI,8,LIBERTARIAN,7897,7880230.0,785430402510.0,610040,0,0,7852,10268,6946,1,302
MICHIGAN,MI,8,REPUBLICAN,202525,7880230.0,785430402510.0,610040,0,0,7852,10268,6946,116,302
MICHIGAN,MI,9,DEMOCRAT,230318,7545003.0,754515223053.0,583780,0,0,7514,9826,6647,0,289
MICHIGAN,MI,9,LIBERTARIAN,6532,7545003.0,754515223053.0,583780,0,0,7514,9826,6647,0,289
MICHIGAN,MI,9,OTHER,8970,7545003.0,754515223053.0,583780,0,0,7514,9826,6647,0,289
MICHIGAN,MI,9,REPUBLICAN,153296,7545003.0,754515223053.0,583780,0,0,7514,9826,6647,0,289
MICHIGAN,MI,10,DEMOCRAT,138179,8721484.0,866940262608.0,674680,0,0,8684,11356,7682,2,334
MICHIGAN,MI,10,REPUBLICAN,271607,8721484.0,866940262608.0,674680,0,0,8684,11356,7682,71,334
MICHIGAN,MI,11,DEMOCRAT,226128,7737332.0,771131810653.0,597920,0,0,7696,10064,6808,1,296
MICHIGAN,MI,11,LIBERTARIAN,8936,7737332.0,771131810653.0,597920,0,0,7696,10064,6808,1,296
MICHIGAN,MI,11,REPUBLICAN,215405,7737332.0,771131810653.0,597920,0,0,7696,10064,6808,1,296
MICHIGAN,MI,12,DEMOCRAT,254957,7770195.0,777032650440.0,599940,0,0,7722,10098,6831,0,297
MICHIGAN,MI,12,OTHER,11147,7770195.0,777032650440.0,599940,0,0,7722,10098,6831,0,297
MICHIGAN,MI,12,REPUBLICAN,117719,7770195.0,777032650440.0,599940,0,0,7722,10098,6831,0,297
MICHIGAN,MI,13,DEMOCRAT,223205,12898359.0,1287235579023.0,995860,0,0,12818,16762,11339,1,493
MICHIGAN,MI,13,OTHER,9363,38695077.0,3861706737069.0,2987580,0,0,38454,50286,34017,3,1479
MICHIGAN,MI,13,REPUBLICAN,53311,12898359.0,1287235579023.0,995860,0,0,12818,16762,11339,1,493
MICHIGAN,MI,14,DEMOCRAT,271370,11690073.0,1169022750346.0,902940,0,0,11622,15198,10281,0,447
MICHIGAN,MI,14,LIBERTARIAN,3737,11690073.0,1169022750346.0,902940,0,0,11622,15198,10281,0,447
MICHIGAN,MI,14,OTHER,4532,23380146.0,2338045500692.0,1805880,0,0,23244,30396,20562,0,894
MICHIGAN,MI,14,REPUBLICAN,62664,11690073.0,1169022750346.0,902940,0,0,11622,15198,10281,0,447
MINNESOTA,MN,1,OTHER,189338,37759298.0,37759298.0,2815880,0,0,37638,57154,46002,0,1394
MINNESOTA,MN,1,REPUBLICAN,179234,18879649.0,18879649.0,1407940,0,0,18819,28577,23001,0,697
MINNESOTA,MN,2,OTHER,229285,15651950.0,15651950.0,1167560,0,0,15606,23698,19074,0,578
MINNESOTA,MN,2,REPUBLICAN,194954,7825975.0,7825975.0,583780,0,0,7803,11849,9537,0,289
MINNESOTA,MN,3,OTHER,246666,6734519.0,6734519.0,502980,0,0,6723,10209,8217,0,249
MINNESOTA,MN,3,REPUBLICAN,196625,6734519.0,6734519.0,502980,0,0,6723,10209,8217,0,249
MINNESOTA,MN,4,OTHER,275350,12209910.0,12209910.0,909000,0,0,12150,18450,14850,0,450
MINNESOTA,MN,4,REPUBLICAN,112730,6104955.0,6104955.0,454500,0,0,6075,9225,7425,0,225
MINNESOTA,MN,5,OTHER,293903,12874968.0,12874968.0,961520,0,0,12852,19516,15708,0,476
MINNESOTA,MN,5,REPUBLICAN,102878,6437484.0,6437484.0,480760,0,0,6426,9758,7854,0,238
MINNESOTA,MN,6,OTHER,140853,7611241.0,7611241.0,567620,0,0,7587,11521,9273,0,281
MINNESOTA,MN,6,REPUBLICAN,270901,7611241.0,7611241.0,567620,0,0,7587,11521,9273,0,281
MINNESOTA,MN,7,OTHER,169049,108025419.0,108025419.0,8053740,0,0,107649,163467,131571,0,3987
MINNESOTA,MN,7,REPUBLICAN,194066,36008473.0,36008473.0,2684580,0,0,35883,54489,43857,0,1329
MINNESOTA,MN,8,OTHER,170043,43423740.0,43423740.0,3240080,0,0,43308,65764,52932,0,1604
MINNESOTA,MN,8,REPUBLICAN,223432,21711870.0,21711870.0,1620040,0,0,21654,32882,26466,0,802
MISSISSIPPI,MS,1,DEMOCRAT,104008,12273231.0,12273231.0,882740,0,0,12236,27968,20102,0,437
MISSISSIPPI,MS,1,REPUBLICAN,228787,12273231.0,12273231.0,882740,0,0,12236,27968,20102,0,437
MISSISSIPPI,MS,2,DEMOCRAT,196224,15162066.0,15162066.0,1090800,0,0,15120,34560,24840,0,540
MISSISSIPPI,MS,2,REPUBLICAN,101010,15162066.0,15162066.0,1090800,0,0,15120,34560,24840,0,540
MISSISSIPPI,MS,3,DEMOCRAT,120782,17409382.0,17409382.0,1252400,0,0,17360,39680,28520,0,620
MISSISSIPPI,MS,3,REPUBLICAN,221064,17409382.0,17409382.0,1252400,0,0,17360,39680,28520,0,620
MISSISSIPPI,MS,4,REPUBLICAN,255140,9544122.0,9544122.0,686800,0,0,9520,21760,15640,0,340
MISSOURI,MO,1,DEMOCRAT,249087,21262476.0,21262476.0,1466520,0,0,21054,31218,24684,0,726
MISSOURI,MO,1,LIBERTARIAN,6766,21204098.0,21204098.0,1462480,0,0,20996,31132,24616,0,724
MISSOURI,MO,1,REPUBLICAN,59940,21204098.0,21204098.0,1462480,0,0,20996,31132,24616,0,724
MISSOURI,MO,2,DEMOCRAT,204540,23640366.0,23640366.0,1636200,0,0,23490,34830,27540,0,810
MISSOURI,MO,2,LIBERTARIAN,11647,23611177.0,23611177.0,1634180,0,0,23461,34787,27506,0,809
MISSOURI,MO,2,REPUBLICAN,233157,23640366.0,23640366.0,1636200,0,0,23490,34830,27540,0,810
MISSOURI,MO,3,DEMOCRAT,116095,9608688.0,9608688.0,666600,0,0,9570,14190,11220,0,330
MISSOURI,MO,3,LIBERTARIAN,8344,9579549.0,9579549.0,664580,0,0,9541,14147,11186,0,329
MISSOURI,MO,3,REPUBLICAN,282866,9608688.0,9608688.0,666600,0,0,9570,14190,11220,0,330
MISSOURI,MO,4,DEMOCRAT,107635,11222944.0,11222944.0,779720,0,0,11194,16598,13124,0,386
MISSOURI,MO,4,LIBERTARIAN,9954,11222944.0,11222944.0,779720,0,0,11194,16598,13124,0,386
MISSOURI,MO,4,REPUBLICAN,245247,11251983.0,11251983.0,781740,0,0,11223,16641,13158,0,387
MISSOURI,MO,5,DEMOCRAT,207180,9105529.0,9105529.0,581760,0,0,8352,12384,9792,0,288
MISSOURI,MO,5,LIBERTARIAN,9272,9105529.0,9105529.0,581760,0,0,8352,12384,9792,0,288
MISSOURI,MO,5,REPUBLICAN,135934,9105529.0,9105529.0,581760,0,0,8352,12384,9792,0,288
MISSOURI,MO,6,DEMOCRAT,118926,13819687.0,13819687.0,959500,0,0,13775,20425,16150,0,475
MISSOURI,MO,6,LIBERTARIAN,8144,13761413.0,13761413.0,955460,0,0,13717,20339,16082,0,473
MISSOURI,MO,6,REPUBLICAN,258709,13877961.0,13877961.0,963540,0,0,13833,20511,16218,0,477
MISSOURI,MO,7,DEMOCRAT,98111,8558282.0,8558282.0,593880,0,0,8526,12642,9996,0,294
MISSOURI,MO,7,LIBERTARIAN,15573,8558282.0,8558282.0,593880,0,0,8526,12642,9996,0,294
MISSOURI,MO,7,REPUBLICAN,254318,8558282.0,8558282.0,593880,0,0,8526,12642,9996,0,294
MISSOURI,MO,8,DEMOCRAT,70561,13543146.0,13543146.0,939300,0,0,13485,19995,15810,0,465
MISSOURI,MO,8,LIBERTARIAN,5854,13514079.0,13514079.0,937280,0,0,13456,19952,15776,0,464
MISSOURI,MO,8,REPUBLICAN,253811,13572201.0,13572201.0,941320,0,0,13514,20038,15844,0,466
MONTANA,MT,0,DEMOCRAT,262340,19925613.0,19925613.0,1339260,0,0,19890,53703,42432,0,663
MONTANA,MT,0,REPUBLICAN,339169,19925613.0,19925613.0,1339260,0,0,19890,53703,42432,0,663
NEBRASKA,NE,1,DEMOCRAT,119622,15616952.0,15616952.0,1014040,0,0,15562,23092,17570,0,502
NEBRASKA,NE,1,LIBERTARIAN,8938,15616952.0,15616952.0,1014040,0,0,15562,23092,17570,0,502
NEBRASKA,NE,1,REPUBLICAN,189006,15616952.0,15616952.0,1014040,0,0,15562,23092,17570,0,502
NEBRASKA,NE,2,DEMOCRAT,155706,8979991.0,8979991.0,583780,0,0,8959,13294,10115,0,289
NEBRASKA,NE,2,LIBERTARIAN,10185,8979991.0,8979991.0,583780,0,0,8959,13294,10115,0,289
NEBRASKA,NE,2,REPUBLICAN,171071,8979991.0,8979991.0,583780,0,0,8959,13294,10115,0,289
NEBRASKA,NE,3,DEMOCRAT,50690,20453578.0,20453578.0,1329160,0,0,20398,30268,23030,0,658
NEBRASKA,NE,3,LIBERTARIAN,10923,20453578.0,20453578.0,1329160,0,0,20398,30268,23030,0,658
NEBRASKA,NE,3,REPUBLICAN,225157,20453578.0,20453578.0,1329160,0,0,20398,30268,23030,0,658
NEVADA,NV,1,DEMOCRAT,137854,9984936.0,9984936.0,630240,0,0,9984,27456,20280,7,312
NEVADA,NV,1,LIBERTARIAN,4658,9984936.0,9984936.0,630240,0,0,9984,27456,20280,7,312
NEVADA,NV,1,OTHER,6183,9984936.0,9984936.0,630240,0,0,9984,27456,20280,7,312
NEVADA,NV,1,REPUBLICAN,74479,9984936.0,9984936.0,630240,0,0,9984,27456,20280,7,312
NEVADA,NV,2,DEMOCRAT,155662,24735864.0,24735864.0,1559440,0,0,24704,67936,50180,49,772
NEVADA,NV,2,OTHER,10763,24735864.0,24735864.0,1559440,0,0,24704,67936,50180,49,772
NEVADA,NV,2,REPUBLICAN,215899,24735864.0,24735864.0,1559440,0,0,24704,67936,50180,49,772
NEVADA,NV,3,DEMOCRAT,203378,13761290.0,13761290.0,868600,0,0,13760,37840,27950,23,430
NEVADA,NV,3,LIBERTARIAN,12291,13761290.0,13761290.0,868600,0,0,13760,37840,27950,23,430
NEVADA,NV,3,OTHER,10516,13761290.0,13761290.0,868600,0,0,13760,37840,27950,23,430
NEVADA,NV,3,REPUBLICAN,190924,13761290.0,13761290.0,868600,0,0,13760,37840,27950,23,430
NEVADA,NV,4,DEMOCRAT,168362,15330839.0,15330839.0,967580,0,0,15328,42152,31135,42,479
NEVADA,NV,4,LIBERTARIAN,7933,15330839.0,15330839.0,967580,0,0,15328,42152,31135,42,479
NEVADA,NV,4,OTHER,3706,15330839.0,15330839.0,967580,0,0,15328,42152,31135,42,479
NEVADA,NV,4,REPUBLICAN,152151,15330839.0,15330839.0,967580,0,0,15328,42152,31135,42,479
NEW HAMPSHIRE,NH,1,DEMOCRAT,205606,3763258.0,376330633960.0,230280,0,0,3762,1368,456,0,114
NEW HAMPSHIRE,NH,1,LIBERTARIAN,9747,3763258.0,376330633960.0,230280,0,0,3762,1368,456,0,114
NEW HAMPSHIRE,NH,1,REPUBLICAN,185159,3763258.0,376330633960.0,230280,0,0,3762,1368,456,0,114
NEW HAMPSHIRE,NH,2,DEMOCRAT,208289,6800070.0,680015259320.0,416120,0,0,6798,2472,824,0,206
NEW HAMPSHIRE,NH,2,LIBERTARIAN,9119,6800070.0,680015259320.0,416120,0,0,6798,2472,824,0,206
NEW HAMPSHIRE,NH,2,REPUBLICAN,168886,6800070.0,680015259320.0,416120,0,0,6798,2472,824,0,206
NEW JERSEY,NJ,1,DEMOCRAT,240567,1802487.0,1802487.0,107060,0,0,1802,1166,636,0,53
NEW JERSEY,NJ,1,REPUBLICAN,144463,1802487.0,1802487.0,107060,0,0,1802,1166,636,0,53
NEW JERSEY,NJ,2,DEMOCRAT,173849,3197312.0,3197312.0,189880,0,0,3196,2068,1128,0,94
NEW JERSEY,NJ,2,LIBERTARIAN,3036,3197312.0,3197312.0,189880,0,0,3196,2068,1128,0,94
NEW JERSEY,NJ,2,OTHER,4136,3197312.0,3197312.0,189880,0,0,3196,2068,1128,0,94
NEW JERSEY,NJ,2,REPUBLICAN,195526,3197312.0,3197312.0,189880,0,0,3196,2068,1128,0,94
NEW JERSEY,NJ,3,DEMOCRAT,229840,1836678.0,1836678.0,109080,0,0,1836,1188,648,0,54
NEW JERSEY,NJ,3,OTHER,5595,3673356.0,3673356.0,218160,0,0,3672,2376,1296,0,108
NEW JERSEY,NJ,3,REPUBLICAN,196327,1836678.0,1836678.0,109080,0,0,1836,1188,648,0,54
NEW JERSEY,NJ,4,DEMOCRAT,162420,1531149.0,1531149.0,90900,0,0,1530,990,540,0,45
NEW JERSEY,NJ,4,LIBERTARIAN,2583,1531149.0,1531149.0,90900,0,0,1530,990,540,0,45
NEW JERSEY,NJ,4,OTHER,5262,3062298.0,3062298.0,181800,0,0,3060,1980,1080,0,90
NEW JERSEY,NJ,4,REPUBLICAN,254103,1531149.0,1531149.0,90900,0,0,1530,990,540,0,45
NEW JERSEY,NJ,5,DEMOCRAT,225175,2721546.0,2721546.0,161600,0,0,2720,1760,960,0,80
NEW JERSEY,NJ,5,OTHER,5128,2721546.0,2721546.0,161600,0,0,2720,1760,960,0,80
NEW JERSEY,NJ,5,REPUBLICAN,193333,2721546.0,2721546.0,161600,0,0,2720,1760,960,0,80
NEW JERSEY,NJ,6,DEMOCRAT,199648,1122801.0,1122801.0,66660,0,0,1122,726,396,0,33
NEW JERSEY,NJ,6,REPUBLICAN,126760,1122801.0,1122801.0,66660,0,0,1122,726,396,0,33
NEW JERSEY,NJ,7,DEMOCRAT,219688,2586220.0,2586220.0,153520,0,0,2584,1672,912,0,76
NEW JERSEY,NJ,7,REPUBLICAN,214359,2586220.0,2586220.0,153520,0,0,2584,1672,912,0,76
NEW JERSEY,NJ,8,DEMOCRAT,176758,510255.0,510255.0,30300,0,0,510,330,180,0,15
NEW JERSEY,NJ,8,LIBERTARIAN,3329,510255.0,510255.0,30300,0,0,510,330,180,0,15
NEW JERSEY,NJ,8,REPUBLICAN,58686,510255.0,510255.0,30300,0,0,510,330,180,0,15
NEW JERSEY,NJ,9,DEMOCRAT,203674,1190301.0,1190301.0,70700,0,0,1190,770,420,0,35
NEW JERSEY,NJ,9,OTHER,7239,1190301.0,1190301.0,70700,0,0,1190,770,420,0,35
NEW JERSEY,NJ,9,REPUBLICAN,98629,1190301.0,1190301.0,70700,0,0,1190,770,420,0,35
NEW JERSEY,NJ,10,DEMOCRAT,241522,612398.0,612398.0,36360,0,0,612,396,216,0,18
NEW JERSEY,NJ,10,LIBERTARIAN,1172,612398.0,612398.0,36360,0,0,612,396,216,0,18
NEW JERSEY,NJ,10,OTHER,7017,1224796.0,1224796.0,72720,0,0,1224,792,432,0,36
NEW JERSEY,NJ,10,REPUBLICAN,40298,612398.0,612398.0,36360,0,0,612,396,216,0,18
NEW JERSEY,NJ,11,DEMOCRAT,235163,1905422.0,1905422.0,113120,0,0,1904,1232,672,0,56
NEW JERSEY,NJ,11,REPUBLICAN,206013,1905422.0,1905422.0,113120,0,0,1904,1232,672,0,56
NEW JERSEY,NJ,12,DEMOCRAT,230883,1054789.0,1054789.0,62620,0,0,1054,682,372,0,31
NEW JERSEY,NJ,12,OTHER,6251,2109578.0,2109578.0,125240,0,0,2108,1364,744,0,62
NEW JERSEY,NJ,12,REPUBLICAN,114591,1054789.0,1054789.0,62620,0,0,1054,682,372,0,31
NEW MEXICO,NM,1,DEMOCRAT,186952,22473518.0,22473518.0,1296840,0,0,22470,54570,42372,642,642
NEW MEXICO,NM,1,REPUBLICAN,134336,22473518.0,22473518.0,1296840,0,0,22470,54570,42372,642,642
NEW MEXICO,NM,2,DEMOCRAT,122506,21679368.0,21679368.0,1250380,0,0,21665,52615,40854,619,619
NEW MEXICO,NM,2,OTHER,-619,21679368.0,21679368.0,1250380,0,619,21665,52615,40854,619,619
NEW MEXICO,NM,2,REPUBLICAN,142275,21679368.0,21679368.0,1250380,0,0,21665,52615,40854,619,619
NEW MEXICO,NM,3,DEMOCRAT,186245,23300992.0,23300992.0,1343300,0,0,23275,56525,43890,665,665
NEW MEXICO,NM,3,REPUBLICAN,131150,23300992.0,23300992.0,1343300,0,0,23275,56525,43890,665,665
NEW YORK,NY,1,DEMOCRAT,160978,17076719.0,17076719.0,955460,0,0,17028,9933,6149,0,473
NEW YORK,NY,1,OTHER,33176,51230157.0,51230157.0,2866380,0,0,51084,29799,18447,0,1419
NEW YORK,NY,1,REPUBLICAN,180855,17076719.0,17076719.0,955460,0,0,17028,9933,6149,0,473
NEW YORK,NY,2,DEMOCRAT,144849,35678587.0,35678587.0,1997780,0,0,35604,20769,12857,0,989
NEW YORK,NY,2,LIBERTARIAN,1491,35678587.0,35678587.0,1997780,0,0,35604,20769,12857,0,989
NEW YORK,NY,2,OTHER,30582,178392935.0,178392935.0,9988900,0,0,178020,103845,64285,0,4945
NEW YORK,NY,2,REPUBLICAN,158151,35678587.0,35678587.0,1997780,0,0,35604,20769,12857,0,989
NEW YORK,NY,3,DEMOCRAT,196056,59724836.0,59724836.0,3345120,0,0,59616,34776,21528,0,1656
NEW YORK,NY,3,LIBERTARIAN,2156,59724836.0,59724836.0,3345120,0,0,59616,34776,21528,0,1656
NEW YORK,NY,3,OTHER,26969,179174508.0,179174508.0,10035360,0,0,178848,104328,64584,0,4968
NEW YORK,NY,3,REPUBLICAN,147461,59724836.0,59724836.0,3345120,0,0,59616,34776,21528,0,1656
NEW YORK,NY,4,DEMOCRAT,199762,94041872.0,94041872.0,5268160,0,0,93888,54768,33904,0,2608
NEW YORK,NY,4,OTHER,16472,188083744.0,188083744.0,10536320,0,0,187776,109536,67808,0,5216
NEW YORK,NY,4,REPUBLICAN,139559,94041872.0,94041872.0,5268160,0,0,93888,54768,33904,0,2608
NEW YORK,NY,5,DEMOCRAT,229125,23231060.0,23231060.0,1300880,0,0,23184,13524,8372,0,644
NEW YORK,NY,6,DEMOCRAT,144149,16525098.0,16525098.0,925160,0,0,16488,9618,5954,0,458
NEW YORK,NY,6,LIBERTARIAN,754,16525098.0,16525098.0,925160,0,0,16488,9618,5954,0,458
NEW YORK,NY,6,OTHER,21053,49575294.0,49575294.0,2775480,0,0,49464,28854,17862,0,1374
NEW YORK,NY,6,REPUBLICAN,67735,16525098.0,16525098.0,925160,0,0,16488,9618,5954,0,458
NEW YORK,NY,7,DEMOCRAT,156889,17882482.0,17882482.0,1001920,0,0,17856,10416,6448,0,496
NEW YORK,NY,7,LIBERTARIAN,1522,17882482.0,17882482.0,1001920,0,0,17856,10416,6448,0,496
NEW YORK,NY,7,OTHER,37300,35764964.0,35764964.0,2003840,0,0,35712,20832,12896,0,992
NEW YORK,NY,7,REPUBLICAN,29404,17882482.0,17882482.0,1001920,0,0,17856,10416,6448,0,496
NEW YORK,NY,8,DEMOCRAT,207111,19790823.0,19790823.0,1108980,0,0,19764,11529,7137,0,549
NEW YORK,NY,8,OTHER,30705,39581646.0,39581646.0,2217960,0,0,39528,23058,14274,0,1098
NEW YORK,NY,8,REPUBLICAN,39124,19790823.0,19790823.0,1108980,0,0,19764,11529,7137,0,549
NEW YORK,NY,9,DEMOCRAT,195758,18996769.0,18996769.0,1064540,0,0,18972,11067,6851,0,527
NEW YORK,NY,9,LIBERTARIAN,1644,18996769.0,18996769.0,1064540,0,0,18972,11067,6851,0,527
NEW YORK,NY,9,OTHER,39355,56990307.0,56990307.0,3193620,0,0,56916,33201,20553,0,1581
NEW YORK,NY,9,REPUBLICAN,40110,18996769.0,18996769.0,1064540,0,0,18972,11067,6851,0,527
NEW YORK,NY,10,DEMOCRAT,181215,19542430.0,19542430.0,1094840,0,0,19512,11382,7046,0,542
NEW YORK,NY,10,LIBERTARIAN,3370,19542430.0,19542430.0,1094840,0,0,19512,11382,7046,0,542
NEW YORK,NY,10,OTHER,30939,39084860.0,39084860.0,2189680,0,0,39024,22764,14092,0,1084
NEW YORK,NY,10,REPUBLICAN,61045,19542430.0,19542430.0,1094840,0,0,19512,11382,7046,0,542
NEW YORK,NY,11,DEMOCRAT,134625,17603362.0,17603362.0,985760,0,0,17568,10248,6344,0,488
NEW YORK,NY,11,OTHER,14761,35206724.0,35206724.0,1971520,0,0,35136,20496,12688,0,976
NEW YORK,NY,11,REPUBLICAN,143420,17603362.0,17603362.0,985760,0,0,17568,10248,6344,0,488
NEW YORK,NY,12,DEMOCRAT,265172,20086955.0,20086955.0,1125140,0,0,20052,11697,7241,0,557
NEW YORK,NY,12,LIBERTARIAN,4015,20086955.0,20086955.0,1125140,0,0,20052,11697,7241,0,557
NEW YORK,NY,12,OTHER,3904,20086955.0,20086955.0,1125140,0,0,20052,11697,7241,0,557
NEW YORK,NY,12,REPUBLICAN,49157,20086955.0,20086955.0,1125140,0,0,20052,11697,7241,0,557
NEW YORK,NY,13,DEMOCRAT,202916,19358373.0,19358373.0,1084740,0,0,19332,11277,6981,0,537
NEW YORK,NY,13,OTHER,32220,38716746.0,38716746.0,2169480,0,0,38664,22554,13962,0,1074
NEW YORK,NY,13,REPUBLICAN,19829,19358373.0,19358373.0,1084740,0,0,19332,11277,6981,0,537
NEW YORK,NY,14,DEMOCRAT,152661,15429672.0,15429672.0,864560,0,0,15408,8988,5564,0,428
NEW YORK,NY,14,OTHER,7963,30859344.0,30859344.0,1729120,0,0,30816,17976,11128,0,856
NEW YORK,NY,14,REPUBLICAN,52477,15429672.0,15429672.0,864560,0,0,15408,8988,5564,0,428
NEW YORK,NY,15,DEMOCRAT,169533,17066370.0,17066370.0,957480,0,0,17064,9954,6162,0,474
NEW YORK,NY,15,OTHER,2237,17066370.0,17066370.0,957480,0,0,17064,9954,6162,0,474
NEW YORK,NY,15,REPUBLICAN,18984,17066370.0,17066370.0,957480,0,0,17064,9954,6162,0,474
NEW YORK,NY,16,DEMOCRAT,218514,26451743.0,26451743.0,1480660,0,0,26388,15393,9529,0,733
NEW YORK,NY,16,OTHER,41094,26451743.0,26451743.0,1480660,0,0,26388,15393,9529,0,733
NEW YORK,NY,17,DEMOCRAT,183976,22782225.0,22782225.0,1274620,0,0,22716,13251,8203,0,631
NEW YORK,NY,17,OTHER,31373,91128900.0,91128900.0,5098480,0,0,90864,53004,32812,0,2524
NEW YORK,NY,17,REPUBLICAN,117309,22782225.0,22782225.0,1274620,0,0,22716,13251,8203,0,631
NEW YORK,NY,18,DEMOCRAT,171157,58433252.0,58433252.0,3272400,0,0,58320,34020,21060,86,1620
NEW YORK,NY,18,LIBERTARIAN,2686,58433252.0,58433252.0,3272400,0,0,58320,34020,21060,86,1620
NEW YORK,NY,18,OTHER,33293,233733008.0,233733008.0,13089600,0,0,233280,136080,84240,86,6480
NEW YORK,NY,18,REPUBLICAN,128606,58433252.0,58433252.0,3272400,0,0,58320,34020,21060,86,1620
NEW YORK,NY,19,DEMOCRAT,168281,54627354.0,54627354.0,3058280,0,0,54504,31794,19682,0,1514
NEW YORK,NY,19,LIBERTARIAN,4224,54627354.0,54627354.0,3058280,0,0,54504,31794,19682,0,1514
NEW YORK,NY,19,OTHER,26618,163882062.0,163882062.0,9174840,0,0,163512,95382,59046,0,4542
NEW YORK,NY,19,REPUBLICAN,151475,54627354.0,54627354.0,3058280,0,0,54504,31794,19682,0,1514
NEW YORK,NY,20,DEMOCRAT,194071,26024620.0,26024620.0,1458440,0,0,25992,15162,9386,0,722
NEW YORK,NY,20,OTHER,44241,104098480.0,104098480.0,5833760,0,0,103968,60648,37544,0,2888
NEW YORK,NY,20,REPUBLICAN,120839,26060677.0,26060677.0,1460460,0,0,26028,15183,9399,0,723
NEW YORK,NY,21,DEMOCRAT,122422,34215711.0,34215711.0,1916980,0,0,34164,19929,12337,0,949
NEW YORK,NY,21,OTHER,28542,102647133.0,102647133.0,5750940,0,0,102492,59787,37011,78,2847
NEW YORK,NY,21,REPUBLICAN,169675,34215711.0,34215711.0,1916980,0,0,34164,19929,12337,78,949
NEW YORK,NY,22,DEMOCRAT,138898,36325538.0,36325538.0,2036160,0,0,36288,21168,13104,0,1008
NEW YORK,NY,22,LIBERTARIAN,6780,35208205.0,35208205.0,1973540,0,0,35172,20517,12701,0,977
NEW YORK,NY,22,OTHER,29898,105552529.0,105552529.0,5916580,0,0,105444,61509,38077,0,2929
NEW YORK,NY,22,REPUBLICAN,143291,36289495.0,36289495.0,2034140,0,0,36252,21147,13091,0,1007
NEW YORK,NY,23,DEMOCRAT,118448,28230623.0,28230623.0,1581660,0,0,28188,16443,10179,164,783
NEW YORK,NY,23,LIBERTARIAN,3735,28230623.0,28230623.0,1581660,0,0,28188,16443,10179,60,783
NEW YORK,NY,23,OTHER,32801,84583842.0,84583842.0,4738920,0,0,84456,49266,30498,183,2346
NEW YORK,NY,23,REPUBLICAN,164678,28230623.0,28230623.0,1581660,0,0,28188,16443,10179,41,783
NEW YORK,NY,24,DEMOCRAT,147877,24566263.0,24566263.0,1375620,0,0,24516,14301,8853,0,681
NEW YORK,NY,24,OTHER,39837,88217823.0,88217823.0,4938900,0,0,88020,51345,31785,0,2445
NEW YORK,NY,24,REPUBLICAN,156235,29405941.0,29405941.0,1646300,0,0,29340,17115,10595,47,815
NEW YORK,NY,25,DEMOCRAT,187503,28663725.0,28663725.0,1605900,0,0,28620,16695,10335,0,795
NEW YORK,NY,25,LIBERTARIAN,5325,28663725.0,28663725.0,1605900,0,0,28620,16695,10335,0,795
NEW YORK,NY,25,OTHER,39151,85991175.0,85991175.0,4817700,0,0,85860,50085,31005,0,2385
NEW YORK,NY,25,REPUBLICAN,115940,28663725.0,28663725.0,1605900,0,0,28620,16695,10335,0,795
NEW YORK,NY,26,DEMOCRAT,202315,32471649.0,32471649.0,1820020,0,0,32436,18921,11713,621,901
NEW YORK,NY,26,OTHER,25589,97414947.0,97414947.0,5460060,0,0,97308,56763,35139,1242,2703
NEW YORK,NY,26,REPUBLICAN,91687,32471649.0,32471649.0,1820020,0,0,32436,18921,11713,621,901
NEW YORK,NY,27,DEMOCRAT,136783,37614357.0,37614357.0,2106860,0,0,37548,21903,13559,53,1043
NEW YORK,NY,27,LIBERTARIAN,4884,37614357.0,37614357.0,2106860,0,0,37548,21903,13559,53,1043
NEW YORK,NY,27,OTHER,49064,112843071.0,112843071.0,6320580,0,0,112644,65709,40677,375,3129
NEW YORK,NY,27,REPUBLICAN,192756,37614357.0,37614357.0,2106860,0,40,37548,21903,13559,269,1043
NORTH CAROLINA,NC,1,DEMOCRAT,188870,45742064.0,45742064.0,2488640,0,0,45584,68992,57904,0,1232
NORTH CAROLINA,NC,1,REPUBLICAN,159748,45742064.0,45742064.0,2488640,0,0,45584,68992,57904,0,1232
NORTH CAROLINA,NC,2,DEMOCRAT,311887,38670320.0,38670320.0,2100800,0,0,38480,58240,48880,0,1040
NORTH CAROLINA,NC,2,LIBERTARIAN,10914,38670320.0,38670320.0,2100800,0,0,38480,58240,48880,0,1040
NORTH CAROLINA,NC,2,REPUBLICAN,172544,38670320.0,38670320.0,2100800,0,0,38480,58240,48880,0,1040
NORTH CAROLINA,NC,3,DEMOCRAT,132752,41829304.0,41829304.0,2278560,0,0,41736,63168,53016,0,1128
NORTH CAROLINA,NC,3,REPUBLICAN,229800,41829304.0,41829304.0,2278560,0,0,41736,63168,53016,0,1128
NORTH CAROLINA,NC,4,DEMOCRAT,332421,44701628.0,44701628.0,2432080,0,0,44548,67424,56588,0,1204
NORTH CAROLINA,NC,4,REPUBLICAN,161298,44701628.0,44701628.0,2432080,0,0,44548,67424,56588,0,1204
NORTH CAROLINA,NC,5,DEMOCRAT,119846,35745644.0,35745644.0,1947280,0,0,35668,53984,45308,0,964
NORTH CAROLINA,NC,5,OTHER,7555,35745644.0,35745644.0,1947280,0,0,35668,53984,45308,0,964
NORTH CAROLINA,NC,5,REPUBLICAN,257843,35745644.0,35745644.0,1947280,0,0,35668,53984,45308,0,964
NORTH CAROLINA,NC,6,DEMOCRAT,253531,35890264.0,35890264.0,1955360,0,0,35816,54208,45496,0,968
NORTH CAROLINA,NC,6,REPUBLICAN,153598,35890264.0,35890264.0,1955360,0,0,35816,54208,45496,0,968
NORTH CAROLINA,NC,7,DEMOCRAT,179045,34569652.0,34569652.0,1882640,0,0,34484,52192,43804,0,932
NORTH CAROLINA,NC,7,OTHER,294,24044280.0,24044280.0,1308960,0,648,23976,36288,30456,0,648
NORTH CAROLINA,NC,7,REPUBLICAN,272443,34569652.0,34569652.0,1882640,0,0,34484,52192,43804,0,932
NORTH CAROLINA,NC,8,DEMOCRAT,177781,29956544.0,29956544.0,1632160,0,0,29896,45248,37976,0,808
NORTH CAROLINA,NC,8,REPUBLICAN,202774,29956544.0,29956544.0,1632160,0,0,29896,45248,37976,0,808
NORTH CAROLINA,NC,9,DEMOCRAT,179463,33128404.0,33128404.0,1801840,0,0,33004,49952,41924,0,892
NORTH CAROLINA,NC,9,REPUBLICAN,224661,33128404.0,33128404.0,1801840,0,0,33004,49952,41924,0,892
NORTH CAROLINA,NC,10,DEMOCRAT,128189,31176472.0,31176472.0,1696800,0,0,31080,47040,39480,0,840
NORTH CAROLINA,NC,10,REPUBLICAN,284095,31176472.0,31176472.0,1696800,0,0,31080,47040,39480,0,840
NORTH CAROLINA,NC,11,DEMOCRAT,190609,51314696.0,51314696.0,2795680,0,0,51208,77504,65048,0,1384
NORTH CAROLINA,NC,11,LIBERTARIAN,8682,51314696.0,51314696.0,2795680,0,0,51208,77504,65048,0,1384
NORTH CAROLINA,NC,11,OTHER,5503,51314696.0,51314696.0,2795680,0,0,51208,77504,65048,0,1384
NORTH CAROLINA,NC,11,REPUBLICAN,245351,51314696.0,51314696.0,2795680,0,0,51208,77504,65048,0,1384
NORTH CAROLINA,NC,12,DEMOCRAT,341457,22716828.0,22716828.0,1236240,0,0,22644,34272,28764,0,612
NORTH CAROLINA,NC,13,DEMOCRAT,124684,30555512.0,30555512.0,1664480,0,0,30488,46144,38728,0,824
NORTH CAROLINA,NC,13,REPUBLICAN,267181,30555512.0,30555512.0,1664480,0,0,30488,46144,38728,0,824
NORTH DAKOTA,ND,0,LIBERTARIAN,12024,16057586.0,16057586.0,852440,0,0,16036,18568,15192,0,422
NORTH DAKOTA,ND,0,OTHER,97970,16057586.0,16057586.0,852440,0,0,16036,18568,15192,0,422
NORTH DAKOTA,ND,0,REPUBLICAN,245229,16057586.0,16057586.0,852440,0,0,16036,18568,15192,0,422
OHIO,OH,1,DEMOCRAT,172022,20056493.0,20056493.0,1036260,0,0,20007,15903,12312,513,513
OHIO,OH,1,LIBERTARIAN,13692,20056493.0,20056493.0,1036260,0,0,20007,15903,12312,513,513
OHIO,OH,1,REPUBLICAN,199560,20056493.0,20056493.0,1036260,0,0,20007,15903,12312,513,513
OHIO,OH,2,DEMOCRAT,146781,22537903.0,22537903.0,1165540,0,0,22503,17887,13848,577,577
OHIO,OH,2,REPUBLICAN,230430,22459781.0,22459781.0,1161500,0,0,22425,17825,13800,575,575
OHIO,OH,3,DEMOCRAT,227420,21281705.0,21281705.0,1100900,0,0,21255,16895,13080,545,545
OHIO,OH,3,REPUBLICAN,93569,21359803.0,21359803.0,1104940,0,0,21333,16957,13128,547,547
OHIO,OH,4,DEMOCRAT,101897,22747026.0,22747026.0,1175640,0,0,22698,18042,13968,582,582
OHIO,OH,4,LIBERTARIAN,9854,22668848.0,22668848.0,1171600,0,0,22620,17980,13920,580,580
OHIO,OH,4,REPUBLICAN,235875,22747026.0,22747026.0,1175640,0,0,22698,18042,13968,582,582
OHIO,OH,5,DEMOCRAT,120962,22333019.0,22333019.0,1153420,0,0,22269,17701,13704,571,571
OHIO,OH,5,REPUBLICAN,257019,22333019.0,22333019.0,1153420,0,0,22269,17701,13704,571,571
OHIO,OH,6,DEMOCRAT,85661,27317737.0,27317737.0,1411980,0,0,27261,21669,16776,699,699
OHIO,OH,6,REPUBLICAN,249130,27317737.0,27317737.0,1411980,0,0,27261,21669,16776,699,699
OHIO,OH,7,DEMOCRAT,102271,20455405.0,20455405.0,1056460,0,0,20397,16213,12552,523,523
OHIO,OH,7,LIBERTARIAN,11671,20455405.0,20455405.0,1056460,0,0,20397,16213,12552,523,523
OHIO,OH,7,REPUBLICAN,236607,20455405.0,20455405.0,1056460,0,0,20397,16213,12552,523,523
OHIO,OH,8,DEMOCRAT,110766,21747995.0,21747995.0,1125140,0,0,21723,17267,13368,557,557
OHIO,OH,8,REPUBLICAN,246277,21747995.0,21747995.0,1125140,0,0,21723,17267,13368,557,557
OHIO,OH,9,DEMOCRAT,190328,19611516.0,19611516.0,1014040,0,0,19578,15562,12048,502,502
OHIO,OH,9,REPUBLICAN,111385,19611516.0,19611516.0,1014040,0,0,19578,15562,12048,502,502
OHIO,OH,10,DEMOCRAT,151976,20642036.0,20642036.0,1066560,0,0,20592,16368,12672,528,528
OHIO,OH,10,REPUBLICAN,212972,20642036.0,20642036.0,1066560,0,0,20592,16368,12672,528,528
OHIO,OH,11,DEMOCRAT,242098,23118160.0,23118160.0,1195840,0,0,23088,18352,14208,592,592
OHIO,OH,11,REPUBLICAN,60323,23118160.0,23118160.0,1195840,0,0,23088,18352,14208,592,592
OHIO,OH,12,DEMOCRAT,182847,23207808.0,23207808.0,1199880,0,0,23166,18414,14256,594,594
OHIO,OH,12,LIBERTARIAN,13035,23090669.0,23090669.0,1193820,0,0,23049,18321,14184,591,591
OHIO,OH,12,REPUBLICAN,241790,23207808.0,23207808.0,1199880,0,0,23166,18414,14256,594,594
OHIO,OH,13,DEMOCRAT,173631,22189797.0,22189797.0,1145340,0,0,22113,17577,13608,567,567
OHIO,OH,13,LIBERTARIAN,8522,22111491.0,22111491.0,1141300,0,0,22035,17515,13560,565,565
OHIO,OH,13,REPUBLICAN,148648,22189797.0,22189797.0,1145340,0,0,22113,17577,13608,567,567
OHIO,OH,14,DEMOCRAT,158586,23173715.0,23173715.0,1197860,0,0,23127,18383,14232,593,593
OHIO,OH,14,REPUBLICAN,238864,23173715.0,23173715.0,1197860,0,0,23127,18383,14232,593,593
OHIO,OH,15,DEMOCRAT,140183,23985988.0,23985988.0,1240280,0,0,23946,19034,14736,614,614
OHIO,OH,15,REPUBLICAN,243103,23946939.0,23946939.0,1238260,0,0,23907,19003,14712,613,613
OHIO,OH,16,DEMOCRAT,144071,20098784.0,20098784.0,1038280,0,0,20046,15934,12336,514,514
OHIO,OH,16,REPUBLICAN,247335,20177040.0,20177040.0,1042320,0,0,20124,15996,12384,516,516
OKLAHOMA,OK,1,DEMOCRAT,109641,39379581.0,39379581.0,1981620,0,0,39240,71613,51993,0,981
OKLAHOMA,OK,1,OTHER,12130,39379581.0,39379581.0,1981620,0,0,39240,71613,51993,0,981
OKLAHOMA,OK,1,REPUBLICAN,213700,39379581.0,39379581.0,1981620,0,0,39240,71613,51993,0,981
OKLAHOMA,OK,2,DEMOCRAT,63472,62404203.0,62404203.0,3145140,0,0,62280,113661,82521,0,1557
OKLAHOMA,OK,2,LIBERTARIAN,8544,62404203.0,62404203.0,3145140,0,0,62280,113661,82521,0,1557
OKLAHOMA,OK,2,REPUBLICAN,216511,62404203.0,62404203.0,3145140,0,0,62280,113661,82521,0,1557
OKLAHOMA,OK,3,DEMOCRAT,66501,57699192.0,57699192.0,2908800,0,0,57600,105120,76320,0,1440
OKLAHOMA,OK,3,REPUBLICAN,242677,57699192.0,57699192.0,2908800,0,0,57600,105120,76320,0,1440
OKLAHOMA,OK,4,DEMOCRAT,90459,42186003.0,42186003.0,2127060,0,0,42120,76869,55809,0,1053
OKLAHOMA,OK,4,LIBERTARIAN,10803,42186003.0,42186003.0,2127060,0,0,42120,76869,55809,0,1053
OKLAHOMA,OK,4,REPUBLICAN,213096,42186003.0,42186003.0,2127060,0,0,42120,76869,55809,0,1053
OKLAHOMA,OK,5,DEMOCRAT,145658,32971854.0,32971854.0,1660440,0,0,32880,60006,43566,0,822
OKLAHOMA,OK,5,REPUBLICAN,158191,32971854.0,32971854.0,1660440,0,0,32880,60006,43566,0,822
OREGON,OR,1,DEMOCRAT,297071,10057417.0,10057417.0,494900,0,0,10045,22540,17640,0,245
OREGON,OR,1,REPUBLICAN,161928,10057417.0,10057417.0,494900,0,0,10045,22540,17640,0,245
OREGON,OR,2,DEMOCRAT,168881,15634749.0,15634749.0,769620,0,0,15621,35052,27432,0,381
OREGON,OR,2,LIBERTARIAN,14094,15634749.0,15634749.0,769620,0,0,15621,35052,27432,0,381
OREGON,OR,2,REPUBLICAN,273835,15634749.0,15634749.0,769620,0,0,15621,35052,27432,0,381
OREGON,OR,3,DEMOCRAT,343574,5581372.0,5581372.0,274720,0,0,5576,12512,9792,0,136
OREGON,OR,3,LIBERTARIAN,6869,5581372.0,5581372.0,274720,0,0,5576,12512,9792,0,136
OREGON,OR,3,OTHER,8872,5581372.0,5581372.0,274720,0,0,5576,12512,9792,0,136
OREGON,OR,3,REPUBLICAN,110570,5581372.0,5581372.0,274720,0,0,5576,12512,9792,0,136
OREGON,OR,4,DEMOCRAT,240950,11693941.0,11693941.0,575700,0,0,11685,26220,20520,0,285
OREGON,OR,4,OTHER,10118,11693941.0,11693941.0,575700,0,0,11685,26220,20520,0,285
OREGON,OR,4,REPUBLICAN,216081,11693941.0,11693941.0,575700,0,0,11685,26220,20520,0,285
OREGON,OR,5,DEMOCRAT,234863,11818210.0,11818210.0,581760,0,0,11808,26496,20736,0,288
OREGON,OR,5,LIBERTARIAN,12640,11818210.0,11818210.0,581760,0,0,11808,26496,20736,0,288
OREGON,OR,5,REPUBLICAN,204372,11818210.0,11818210.0,581760,0,0,11808,26496,20736,0,288
PENNSYLVANIA,PA,1,DEMOCRAT,191875,14582933.0,14582933.0,700940,0,0,14574,7981,4858,0,347
PENNSYLVANIA,PA,1,REPUBLICAN,249804,14582933.0,14582933.0,700940,0,0,14574,7981,4858,0,347
PENNSYLVANIA,PA,2,DEMOCRAT,197841,29975912.0,29975912.0,1438240,0,0,29904,16376,9968,0,712
PENNSYLVANIA,PA,2,REPUBLICAN,74947,29975912.0,29975912.0,1438240,0,0,29904,16376,9968,0,712
PENNSYLVANIA,PA,3,DEMOCRAT,339178,36206860.0,36206860.0,1737200,0,0,36120,19780,12040,0,860
PENNSYLVANIA,PA,3,REPUBLICAN,33583,36206860.0,36206860.0,1737200,0,0,36120,19780,12040,0,860
PENNSYLVANIA,PA,4,DEMOCRAT,264637,15825336.0,15825336.0,759520,0,0,15792,8648,5264,0,376
PENNSYLVANIA,PA,4,REPUBLICAN,180113,15825336.0,15825336.0,759520,0,0,15792,8648,5264,0,376
PENNSYLVANIA,PA,5,DEMOCRAT,254844,24731032.0,24731032.0,1187760,0,0,24696,13524,8232,0,588
PENNSYLVANIA,PA,5,REPUBLICAN,139615,24731032.0,24731032.0,1187760,0,0,24696,13524,8232,0,588
PENNSYLVANIA,PA,6,DEMOCRAT,226440,13951810.0,13951810.0,670640,0,0,13944,7636,4648,0,332
PENNSYLVANIA,PA,6,REPUBLICAN,177526,13951810.0,13951810.0,670640,0,0,13944,7636,4648,0,332
PENNSYLVANIA,PA,7,DEMOCRAT,195462,14351359.0,14351359.0,688820,0,0,14322,7843,4774,0,341
PENNSYLVANIA,PA,7,REPUBLICAN,181368,14351359.0,14351359.0,688820,0,0,14322,7843,4774,0,341
PENNSYLVANIA,PA,8,DEMOCRAT,178004,16832390.0,16832390.0,808000,0,0,16800,9200,5600,0,400
PENNSYLVANIA,PA,8,REPUBLICAN,165783,16832390.0,16832390.0,808000,0,0,16800,9200,5600,0,400
PENNSYLVANIA,PA,9,DEMOCRAT,118272,18760488.0,18760488.0,900920,0,0,18732,10258,6244,0,446
PENNSYLVANIA,PA,9,REPUBLICAN,232996,18760488.0,18760488.0,900920,0,0,18732,10258,6244,0,446
PENNSYLVANIA,PA,10,DEMOCRAT,182938,14344211.0,14344211.0,688820,0,0,14322,7843,4774,0,341
PENNSYLVANIA,PA,10,REPUBLICAN,208896,14344211.0,14344211.0,688820,0,0,14322,7843,4774,0,341
PENNSYLVANIA,PA,11,DEMOCRAT,141325,13383290.0,13383290.0,642360,0,0,13356,7314,4452,0,318
PENNSYLVANIA,PA,11,REPUBLICAN,241915,13383290.0,13383290.0,642360,0,0,13356,7314,4452,0,318
PENNSYLVANIA,PA,12,DEMOCRAT,99216,23060936.0,23060936.0,1106960,0,0,23016,12604,7672,0,548
PENNSYLVANIA,PA,12,REPUBLICAN,241052,23060936.0,23060936.0,1106960,0,0,23016,12604,7672,0,548
PENNSYLVANIA,PA,13,DEMOCRAT,96664,21276916.0,21276916.0,1022120,0,0,21252,11638,7084,0,506
PENNSYLVANIA,PA,13,REPUBLICAN,267841,21276916.0,21276916.0,1022120,0,0,21252,11638,7084,0,506
PENNSYLVANIA,PA,14,DEMOCRAT,132028,23751090.0,23751090.0,1139280,0,0,23688,12972,7896,0,564
PENNSYLVANIA,PA,14,REPUBLICAN,242054,23751090.0,23751090.0,1139280,0,0,23688,12972,7896,0,564
PENNSYLVANIA,PA,15,DEMOCRAT,92151,25313222.0,25313222.0,1216040,0,0,25284,13846,8428,0,602
PENNSYLVANIA,PA,15,REPUBLICAN,255055,25313222.0,25313222.0,1216040,0,0,25284,13846,8428,0,602
PENNSYLVANIA,PA,16,DEMOCRAT,143962,18672256.0,18672256.0,896880,0,0,18648,10212,6216,0,444
PENNSYLVANIA,PA,16,REPUBLICAN,210086,18672256.0,18672256.0,896880,0,0,18648,10212,6216,0,444
PENNSYLVANIA,PA,17,DEMOCRAT,222253,26462534.0,26462534.0,1272600,0,0,26460,14490,8820,0,630
PENNSYLVANIA,PA,17,REPUBLICAN,212284,26462534.0,26462534.0,1272600,0,0,26460,14490,8820,0,630
PENNSYLVANIA,PA,18,DEMOCRAT,266084,34946496.0,34946496.0,1680640,0,0,34944,19136,11648,0,832
PENNSYLVANIA,PA,18,REPUBLICAN,118163,34946496.0,34946496.0,1680640,0,0,34944,19136,11648,0,832
RHODE ISLAND,RI,1,DEMOCRAT,158550,29572116.0,2944040825121.0,1363500,0,0,29700,10125,3375,0,675
RHODE ISLAND,RI,1,OTHER,63757,59144232.0,5888081650242.0,2727000,0,0,59400,20250,6750,0,1350
RHODE ISLAND,RI,2,DEMOCRAT,154086,31288395.0,3115671495201.0,1442280,0,0,31416,10710,3570,0,714
RHODE ISLAND,RI,2,REPUBLICAN,109894,31288395.0,3115671495201.0,1442280,0,0,31416,10710,3570,0,714
SOUTH CAROLINA,SC,1,DEMOCRAT,210627,49971822.0,49971822.0,2242200,0,0,49950,63270,53280,0,1110
SOUTH CAROLINA,SC,1,REPUBLICAN,216042,49971822.0,49971822.0,2242200,0,0,49950,63270,53280,0,1110
SOUTH CAROLINA,SC,2,DEMOCRAT,155118,40408419.0,40408419.0,1811940,0,0,40365,51129,43056,0,897
SOUTH CAROLINA,SC,2,OTHER,6163,40408419.0,40408419.0,1811940,0,0,40365,51129,43056,0,897
SOUTH CAROLINA,SC,2,REPUBLICAN,202715,40408419.0,40408419.0,1811940,0,0,40365,51129,43056,0,897
SOUTH CAROLINA,SC,3,DEMOCRAT,95712,47029284.0,47029284.0,2108880,0,0,46980,59508,50112,0,1044
SOUTH CAROLINA,SC,3,REPUBLICAN,237544,47029284.0,47029284.0,2108880,0,0,46980,59508,50112,0,1044
SOUTH CAROLINA,SC,4,DEMOCRAT,133023,31226901.0,31226901.0,1399860,0,0,31185,39501,33264,0,693
SOUTH CAROLINA,SC,4,OTHER,5090,31226901.0,31226901.0,1399860,0,0,31185,39501,33264,0,693
SOUTH CAROLINA,SC,4,REPUBLICAN,222126,31226901.0,31226901.0,1399860,0,0,31185,39501,33264,0,693
SOUTH CAROLINA,SC,5,DEMOCRAT,145979,50565180.0,50565180.0,2266440,0,0,50490,63954,53856,0,1122
SOUTH CAROLINA,SC,5,REPUBLICAN,220006,50565180.0,50565180.0,2266440,0,0,50490,63954,53856,0,1122
SOUTH CAROLINA,SC,6,DEMOCRAT,197477,56896617.0,56896617.0,2551260,0,0,56835,71991,60624,0,1263
SOUTH CAROLINA,SC,6,OTHER,2646,56896617.0,56896617.0,2551260,0,0,56835,71991,60624,0,1263
SOUTH CAROLINA,SC,6,REPUBLICAN,89258,56896617.0,56896617.0,2551260,0,0,56835,71991,60624,0,1263
SOUTH CAROLINA,SC,7,DEMOCRAT,138863,44459457.0,44459457.0,1993740,0,0,44415,56259,47376,0,987
SOUTH CAROLINA,SC,7,REPUBLICAN,224993,44459457.0,44459457.0,1993740,0,0,44415,56259,47376,0,987
SOUTH DAKOTA,SD,0,LIBERTARIAN,75748,31928217.0,31928217.0,1399860,0,0,31878,31185,25641,0,693
SOUTH DAKOTA,SD,0,REPUBLICAN,321984,31928217.0,31928217.0,1399860,0,0,31878,31185,25641,0,693
TENNESSEE,TN,1,DEMOCRAT,68617,9703580.0,9703580.0,416120,0,0,9682,12772,11124,0,206
TENNESSEE,TN,1,NONPARTISAN,4,9703580.0,9703580.0,416120,0,206,9682,12772,11124,0,206
TENNESSEE,TN,1,OTHER,8621,9703580.0,9703580.0,416120,0,0,9682,12772,11124,0,206
TENNESSEE,TN,1,REPUBLICAN,228181,9703580.0,9703580.0,416120,0,0,9682,12772,11124,0,206
TENNESSEE,TN,2,DEMOCRAT,109684,8284132.0,8284132.0,355520,0,0,8272,10912,9504,0,176
TENNESSEE,TN,2,NONPARTISAN,14,16568264.0,16568264.0,711040,0,352,16544,21824,19008,0,352
TENNESSEE,TN,2,OTHER,4592,8284132.0,8284132.0,355520,0,0,8272,10912,9504,0,176
TENNESSEE,TN,2,REPUBLICAN,238907,8284132.0,8284132.0,355520,0,0,8272,10912,9504,0,176
TENNESSEE,TN,3,DEMOCRAT,97687,13134659.0,13134659.0,563580,0,0,13113,17298,15066,0,279
TENNESSEE,TN,3,NONPARTISAN,8,13134659.0,13134659.0,563580,0,279,13113,17298,15066,0,279
TENNESSEE,TN,3,OTHER,7033,26269318.0,26269318.0,1127160,0,0,26226,34596,30132,0,558
TENNESSEE,TN,3,REPUBLICAN,215571,13134659.0,13134659.0,563580,0,0,13113,17298,15066,0,279
TENNESSEE,TN,4,DEMOCRAT,111908,11211432.0,11211432.0,480760,0,0,11186,14756,12852,0,238
TENNESSEE,TN,4,REPUBLICAN,223802,11211432.0,11211432.0,480760,0,0,11186,14756,12852,0,238
TENNESSEE,TN,5,DEMOCRAT,252155,8748856.0,8748856.0,375720,0,0,8742,11532,10044,0,186
TENNESSEE,TN,5,NONPARTISAN,14,26246568.0,26246568.0,1127160,0,558,26226,34596,30132,0,558
TENNESSEE,TN,6,DEMOCRAT,83852,12390185.0,12390185.0,531260,0,0,12361,16306,14202,0,263
TENNESSEE,TN,6,OTHER,8154,12390185.0,12390185.0,531260,0,0,12361,16306,14202,0,263
TENNESSEE,TN,6,REPUBLICAN,257572,12390185.0,12390185.0,531260,0,0,12361,16306,14202,0,263
TENNESSEE,TN,7,DEMOCRAT,95839,12954701.0,12954701.0,555500,0,0,12925,17050,14850,0,275
TENNESSEE,TN,7,OTHER,9608,25909402.0,25909402.0,1111000,0,0,25850,34100,29700,0,550
TENNESSEE,TN,7,REPUBLICAN,245188,12954701.0,12954701.0,555500,0,0,12925,17050,14850,0,275
TENNESSEE,TN,8,DEMOCRAT,97890,11491538.0,11491538.0,492880,0,0,11468,15128,13176,0,244
TENNESSEE,TN,8,OTHER,6747,22983076.0,22983076.0,985760,0,0,22936,30256,26352,0,488
TENNESSEE,TN,8,REPUBLICAN,227216,11491538.0,11491538.0,492880,0,0,11468,15128,13176,0,244
TENNESSEE,TN,9,DEMOCRAT,187905,6083253.0,6083253.0,260580,0,0,6063,7998,6966,0,129
TENNESSEE,TN,9,NONPARTISAN,3,6083253.0,6083253.0,260580,0,129,6063,7998,6966,0,129
TENNESSEE,TN,9,OTHER,6154,12166506.0,12166506.0,521160,0,0,12126,15996,13932,0,258
TENNESSEE,TN,9,REPUBLICAN,48818,6083253.0,6083253.0,260580,0,0,6063,7998,6966,0,129
TEXAS,TX,1,DEMOCRAT,83008,13332346.0,13332346.0,557520,0,0,13248,20424,13524,26,276
TEXAS,TX,1,REPUBLICAN,219716,13332346.0,13332346.0,557520,0,0,13248,20424,13524,26,276
TEXAS,TX,2,DEMOCRAT,148374,7760361.0,7760361.0,325220,0,0,7728,11914,7889,0,161
TEXAS,TX,2,LIBERTARIAN,5524,7760361.0,7760361.0,325220,0,0,7728,11914,7889,0,161
TEXAS,TX,2,REPUBLICAN,192828,7760361.0,7760361.0,325220,0,0,7728,11914,7889,0,161
TEXAS,TX,3,DEMOCRAT,179458,9953595.0,9953595.0,418140,0,0,9936,15318,10143,0,207
TEXAS,TX,3,LIBERTARIAN,8621,9953595.0,9953595.0,418140,0,0,9936,15318,10143,0,207
TEXAS,TX,3,REPUBLICAN,230512,9953595.0,9953595.0,418140,0,0,9936,15318,10143,0,207
TEXAS,TX,4,DEMOCRAT,76237,16493404.0,16493404.0,690840,0,0,16416,25308,16758,82,342
TEXAS,TX,4,LIBERTARIAN,6327,16493404.0,16493404.0,690840,0,0,16416,25308,16758,74,342
TEXAS,TX,4,REPUBLICAN,253693,16493404.0,16493404.0,690840,0,0,16416,25308,16758,82,342
TEXAS,TX,5,DEMOCRAT,100743,11223345.0,11223345.0,470660,0,0,11184,17242,11417,0,233
TEXAS,TX,5,LIBERTARIAN,5834,11223345.0,11223345.0,470660,0,0,11184,17242,11417,0,233
TEXAS,TX,5,REPUBLICAN,173836,11223345.0,11223345.0,470660,0,0,11184,17242,11417,0,233
TEXAS,TX,6,DEMOCRAT,149530,13158008.0,13158008.0,549440,0,0,13056,20128,13328,0,272
TEXAS,TX,6,LIBERTARIAN,10955,13158008.0,13158008.0,549440,0,0,13056,20128,13328,0,272
TEXAS,TX,6,REPUBLICAN,179507,13158008.0,13158008.0,549440,0,0,13056,20128,13328,0,272
TEXAS,TX,7,DEMOCRAT,159529,7471155.0,7471155.0,313100,0,0,7440,11470,7595,0,155
TEXAS,TX,7,LIBERTARIAN,5542,7471155.0,7471155.0,313100,0,0,7440,11470,7595,0,155
TEXAS,TX,7,REPUBLICAN,149054,7471155.0,7471155.0,313100,0,0,7440,11470,7595,0,155
TEXAS,TX,8,DEMOCRAT,97408,11163587.0,11163587.0,466620,0,0,11088,17094,11319,20,231
TEXAS,TX,8,LIBERTARIAN,7735,11163587.0,11163587.0,466620,0,0,11088,17094,11319,0,231
TEXAS,TX,8,REPUBLICAN,277327,11163587.0,11163587.0,466620,0,0,11088,17094,11319,0,231
TEXAS,TX,9,DEMOCRAT,172938,7324704.0,7324704.0,307040,0,0,7296,11248,7448,0,152
TEXAS,TX,9,LIBERTARIAN,6594,7324704.0,7324704.0,307040,0,0,7296,11248,7448,0,152
TEXAS,TX,9,REPUBLICAN,49575,7324704.0,7324704.0,307040,0,0,7296,11248,7448,0,152
TEXAS,TX,10,DEMOCRAT,187650,11492328.0,11492328.0,480760,0,0,11424,17612,11662,47,238
TEXAS,TX,10,LIBERTARIAN,8992,11492328.0,11492328.0,480760,0,0,11424,17612,11662,0,238
TEXAS,TX,10,REPUBLICAN,217179,11492328.0,11492328.0,480760,0,0,11424,17612,11662,47,238
TEXAS,TX,11,DEMOCRAT,53400,16793334.0,16793334.0,702960,0,0,16704,25752,17052,58,348
TEXAS,TX,11,LIBERTARIAN,5805,16793334.0,16793334.0,702960,0,0,16704,25752,17052,58,348
TEXAS,TX,11,REPUBLICAN,232661,16793334.0,16793334.0,702960,0,0,16704,25752,17052,66,348
TEXAS,TX,12,DEMOCRAT,121250,14141412.0,14141412.0,589840,0,0,14016,21608,14308,0,292
TEXAS,TX,12,LIBERTARIAN,11918,14141412.0,14141412.0,589840,0,0,14016,21608,14308,0,292
TEXAS,TX,12,REPUBLICAN,233853,14141412.0,14141412.0,589840,0,0,14016,21608,14308,0,292
TEXAS,TX,13,DEMOCRAT,50475,19456723.0,19456723.0,814060,0,0,19344,29822,19747,12,403
TEXAS,TX,13,LIBERTARIAN,5907,19456723.0,19456723.0,814060,0,0,19344,29822,19747,0,403
TEXAS,TX,13,REPUBLICAN,217121,19456723.0,19456723.0,814060,0,0,19344,29822,19747,19,403
TEXAS,TX,14,DEMOCRAT,118574,11419633.0,11419633.0,478740,0,0,11376,17538,11613,0,237
TEXAS,TX,14,REPUBLICAN,190541,11419633.0,11419633.0,478740,0,0,11376,17538,11613,0,237
TEXAS,TX,15,DEMOCRAT,115606,14077772.0,14077772.0,589840,0,0,14016,21608,14308,14,292
TEXAS,TX,15,LIBERTARIAN,4295,14077772.0,14077772.0,589840,0,0,14016,21608,14308,0,292
TEXAS,TX,15,REPUBLICAN,109019,14077772.0,14077772.0,589840,0,0,14016,21608,14308,14,292
TEXAS,TX,16,DEMOCRAT,154108,9050508.0,9050508.0,379760,0,0,9024,13912,9212,0,188
TEXAS,TX,16,REPUBLICAN,84006,9050508.0,9050508.0,379760,0,0,9024,13912,9212,0,188
TEXAS,TX,17,DEMOCRAT,125565,14612865.0,14612865.0,612060,0,0,14544,22422,14847,0,303
TEXAS,TX,17,LIBERTARIAN,9918,14612865.0,14612865.0,612060,0,0,14544,22422,14847,0,303
TEXAS,TX,17,REPUBLICAN,171386,14612865.0,14612865.0,612060,0,0,14544,22422,14847,81,303
TEXAS,TX,18,DEMOCRAT,180952,11857446.0,11857446.0,496920,0,0,11808,18204,12054,0,246
TEXAS,TX,18,LIBERTARIAN,4514,11857446.0,11857446.0,496920,0,0,11808,18204,12054,0,246
TEXAS,TX,18,OTHER,3396,11857446.0,11857446.0,496920,0,0,11808,18204,12054,0,246
TEXAS,TX,18,REPUBLICAN,58033,11857446.0,11857446.0,496920,0,0,11808,18204,12054,0,246
TEXAS,TX,19,DEMOCRAT,60572,18591207.0,18591207.0,777700,0,0,18480,28490,18865,36,385
TEXAS,TX,19,LIBERTARIAN,6271,18591207.0,18591207.0,777700,0,0,18480,28490,18865,0,385
TEXAS,TX,19,REPUBLICAN,198193,18591207.0,18591207.0,777700,0,0,18480,28490,18865,51,385
TEXAS,TX,20,DEMOCRAT,175078,13111917.0,13111917.0,551460,0,0,13104,20202,13377,0,273
TEXAS,TX,20,LIBERTARIAN,6017,13111917.0,13111917.0,551460,0,0,13104,20202,13377,0,273
TEXAS,TX,20,REPUBLICAN,89628,13111917.0,13111917.0,551460,0,0,13104,20202,13377,0,273
TEXAS,TX,21,DEMOCRAT,205780,13725265.0,13725265.0,575700,0,0,13680,21090,13965,0,285
TEXAS,TX,21,LIBERTARIAN,8666,13725265.0,13725265.0,575700,0,0,13680,21090,13965,0,285
TEXAS,TX,21,OTHER,3564,13725265.0,13725265.0,575700,0,0,13680,21090,13965,0,285
TEXAS,TX,21,REPUBLICAN,235741,13725265.0,13725265.0,575700,0,0,13680,21090,13965,13,285
TEXAS,TX,22,DEMOCRAT,181998,8954334.0,8954334.0,375720,0,0,8928,13764,9114,0,186
TEXAS,TX,22,LIBERTARIAN,15791,8954334.0,8954334.0,375720,0,0,8928,13764,9114,0,186
TEXAS,TX,22,REPUBLICAN,210259,8954334.0,8954334.0,375720,0,0,8928,13764,9114,0,186
TEXAS,TX,23,DEMOCRAT,137744,16873034.0,16873034.0,707000,0,0,16800,25900,17150,29,350
TEXAS,TX,23,LIBERTARIAN,8371,16873034.0,16873034.0,707000,0,0,16800,25900,17150,12,350
TEXAS,TX,23,REPUBLICAN,149398,16873034.0,16873034.0,707000,0,0,16800,25900,17150,48,350
TEXAS,TX,24,DEMOCRAT,163326,12493797.0,12493797.0,523180,0,0,12432,19166,12691,0,259
TEXAS,TX,24,LIBERTARIAN,5647,12493797.0,12493797.0,523180,0,0,12432,19166,12691,0,259
TEXAS,TX,24,OTHER,7138,24987594.0,24987594.0,1046360,0,0,24864,38332,25382,0,518
TEXAS,TX,24,REPUBLICAN,167910,12493797.0,12493797.0,523180,0,0,12432,19166,12691,0,259
TEXAS,TX,25,DEMOCRAT,165676,10809954.0,10809954.0,452480,0,0,10752,16576,10976,27,224
TEXAS,TX,25,LIBERTARIAN,7728,10809954.0,10809954.0,452480,0,0,10752,16576,10976,27,224
TEXAS,TX,25,REPUBLICAN,220009,10809954.0,10809954.0,452480,0,0,10752,16576,10976,27,224
TEXAS,TX,26,DEMOCRAT,161009,10168143.0,10168143.0,426220,0,0,10128,15614,10339,0,211
TEXAS,TX,26,LIBERTARIAN,9243,10168143.0,10168143.0,426220,0,0,10128,15614,10339,0,211
TEXAS,TX,26,REPUBLICAN,261963,10168143.0,10168143.0,426220,0,0,10128,15614,10339,0,211
TEXAS,TX,27,DEMOCRAT,95466,15312841.0,15312841.0,640340,0,0,15216,23458,15533,0,317
TEXAS,TX,27,LIBERTARIAN,5482,15312841.0,15312841.0,640340,0,0,15216,23458,15533,0,317
TEXAS,TX,27,REPUBLICAN,172305,15312841.0,15312841.0,640340,0,0,15216,23458,15533,0,317
TEXAS,TX,28,DEMOCRAT,137492,13553673.0,13553673.0,567620,0,0,13488,20794,13769,81,281
TEXAS,TX,28,LIBERTARIAN,6426,13553673.0,13553673.0,567620,0,0,13488,20794,13769,81,281
TEXAS,TX,28,REPUBLICAN,91910,13553673.0,13553673.0,567620,0,0,13488,20794,13769,81,281
TEXAS,TX,29,DEMOCRAT,111305,8145969.0,8145969.0,341380,0,0,8112,12506,8281,0,169
TEXAS,TX,29,LIBERTARIAN,2328,8145969.0,8145969.0,341380,0,0,8112,12506,8281,0,169
TEXAS,TX,29,REPUBLICAN,42840,8145969.0,8145969.0,341380,0,0,8112,12506,8281,0,169
TEXAS,TX,30,DEMOCRAT,204928,13134849.0,13134849.0,551460,0,0,13104,20202,13377,0,273
TEXAS,TX,30,OTHER,10851,13134849.0,13134849.0,551460,0,0,13104,20202,13377,0,273
TEXAS,TX,30,REPUBLICAN,48685,13134849.0,13134849.0,551460,0,0,13104,20202,13377,0,273
TEXAS,TX,31,DEMOCRAT,174981,6912405.0,6912405.0,288860,0,0,6864,10582,7007,96,143
TEXAS,TX,31,LIBERTARIAN,8857,6912405.0,6912405.0,288860,0,0,6864,10582,7007,96,143
TEXAS,TX,31,REPUBLICAN,211464,6912405.0,6912405.0,288860,0,0,6864,10582,7007,96,143
TEXAS,TX,32,DEMOCRAT,178542,10343931.0,10343931.0,434300,0,0,10320,15910,10535,0,215
TEXAS,TX,32,LIBERTARIAN,4946,10343931.0,10343931.0,434300,0,0,10320,15910,10535,0,215
TEXAS,TX,32,OTHER,2332,10343931.0,10343931.0,434300,0,0,10320,15910,10535,0,215
TEXAS,TX,32,REPUBLICAN,157867,10343931.0,10343931.0,434300,0,0,10320,15910,10535,0,215
TEXAS,TX,33,DEMOCRAT,105317,13668791.0,13668791.0,571660,0,0,13584,20942,13867,0,283
TEXAS,TX,33,LIBERTARIAN,2586,13668791.0,13668791.0,571660,0,0,13584,20942,13867,0,283
TEXAS,TX,33,OTHER,10065,27337582.0,27337582.0,1143320,0,0,27168,41884,27734,0,566
TEXAS,TX,33,REPUBLICAN,39638,13668791.0,13668791.0,571660,0,0,13584,20942,13867,0,283
TEXAS,TX,34,DEMOCRAT,111488,12088319.0,12088319.0,507020,0,0,12048,18574,12299,48,251
TEXAS,TX,34,LIBERTARIAN,3225,12088319.0,12088319.0,507020,0,0,12048,18574,12299,18,251
TEXAS,TX,34,OTHER,2247,12088319.0,12088319.0,507020,0,0,12048,18574,12299,0,251
TEXAS,TX,34,REPUBLICAN,84170,12088319.0,12088319.0,507020,0,0,12048,18574,12299,18,251
TEXAS,TX,35,DEMOCRAT,176373,12274765.0,12274765.0,515100,0,0,12240,18870,12495,0,255
TEXAS,TX,35,LIBERTARIAN,7393,12274765.0,12274765.0,515100,0,0,12240,18870,12495,0,255
TEXAS,TX,35,OTHER,5236,12274765.0,12274765.0,515100,0,0,12240,18870,12495,0,255
TEXAS,TX,35,REPUBLICAN,80795,12274765.0,12274765.0,515100,0,0,12240,18870,12495,0,255
TEXAS,TX,36,DEMOCRAT,73410,12791761.0,12791761.0,535300,0,0,12720,19610,12985,14,265
TEXAS,TX,36,LIBERTARIAN,4848,12791761.0,12791761.0,535300,0,0,12720,19610,12985,0,265
TEXAS,TX,36,OTHER,1571,12791761.0,12791761.0,535300,0,0,12720,19610,12985,0,265
TEXAS,TX,36,REPUBLICAN,222712,12791761.0,12791761.0,535300,0,0,12720,19610,12985,0,265
UTAH,UT,1,DEMOCRAT,104194,128642000.0,128642000.0,5300480,0,0,128576,228288,175808,0,2624
UTAH,UT,1,REPUBLICAN,237987,128642000.0,128642000.0,5300480,0,0,128576,228288,175808,0,2624
UTAH,UT,2,DEMOCRAT,129762,114343308.0,114343308.0,4710640,0,0,114268,202884,156244,0,2332
UTAH,UT,2,LIBERTARIAN,15465,114343308.0,114343308.0,4710640,0,0,114268,202884,156244,0,2332
UTAH,UT,2,REPUBLICAN,208997,114343308.0,114343308.0,4710640,0,0,114268,202884,156244,0,2332
UTAH,UT,3,DEMOCRAT,96067,96560971.0,96560971.0,3977380,0,0,96481,171303,131923,0,1969
UTAH,UT,3,OTHER,15987,243431852.0,243431852.0,10027280,0,1026,243236,431868,332588,0,4964
UTAH,UT,3,REPUBLICAN,246674,96560971.0,96560971.0,3977380,0,0,96481,171303,131923,0,1969
UTAH,UT,4,DEMOCRAT,175923,81744017.0,81744017.0,3367340,0,0,81683,145029,111689,0,1667
UTAH,UT,4,LIBERTARIAN,13053,81744017.0,81744017.0,3367340,0,0,81683,145029,111689,0,1667
UTAH,UT,4,OTHER,8060,147794162.0,147794162.0,6088280,0,1347,147686,262218,201938,0,3014
UTAH,UT,4,REPUBLICAN,179688,81744017.0,81744017.0,3367340,0,0,81683,145029,111689,0,1667
VERMONT,VT,0,DEMOCRAT,238827,13754047.0,1375416836245.0,555500,0,0,13750,3575,1650,0,275
VERMONT,VT,0,OTHER,19638,68770235.0,6877084181225.0,2777500,0,0,68750,17875,8250,0,1375
VERMONT,VT,0,REPUBLICAN,95830,13754047.0,1375416836245.0,555500,0,0,13750,3575,1650,0,275
VIRGINIA,VA,1,DEMOCRAT,186923,13499331.0,13499331.0,533280,0,0,13464,14256,10560,0,264
VIRGINIA,VA,1,REPUBLICAN,260614,13499331.0,13499331.0,533280,0,0,13464,14256,10560,0,264
VIRGINIA,VA,2,DEMOCRAT,185733,9960180.0,9960180.0,389860,0,0,9843,10422,7720,0,193
VIRGINIA,VA,2,OTHER,9170,9960180.0,9960180.0,389860,0,0,9843,10422,7720,0,193
VIRGINIA,VA,2,REPUBLICAN,165031,9960180.0,9960180.0,389860,0,0,9843,10422,7720,0,193
VIRGINIA,VA,3,DEMOCRAT,233326,11102758.0,11102758.0,434300,0,0,10965,11610,8600,0,215
VIRGINIA,VA,3,REPUBLICAN,107299,11102758.0,11102758.0,434300,0,0,10965,11610,8600,0,215
VIRGINIA,VA,4,DEMOCRAT,241142,14706821.0,14706821.0,577720,0,0,14586,15444,11440,0,286
VIRGINIA,VA,4,REPUBLICAN,149625,14706821.0,14706821.0,577720,0,0,14586,15444,11440,0,286
VIRGINIA,VA,5,DEMOCRAT,190315,18042980.0,18042980.0,713060,0,0,18003,19062,14120,0,353
VIRGINIA,VA,5,REPUBLICAN,210988,18042980.0,18042980.0,713060,0,0,18003,19062,14120,0,353
VIRGINIA,VA,6,DEMOCRAT,134729,13689073.0,13689073.0,539340,0,0,13617,14418,10680,0,267
VIRGINIA,VA,6,REPUBLICAN,246606,13689073.0,13689073.0,539340,0,0,13617,14418,10680,0,267
VIRGINIA,VA,7,DEMOCRAT,230893,12363338.0,12363338.0,488840,0,0,12342,13068,9680,0,242
VIRGINIA,VA,7,REPUBLICAN,222623,12363338.0,12363338.0,488840,0,0,12342,13068,9680,0,242
VIRGINIA,VA,8,DEMOCRAT,301454,8949936.0,8949936.0,353500,0,0,8925,9450,7000,0,175
VIRGINIA,VA,8,REPUBLICAN,95365,8949936.0,8949936.0,353500,0,0,8925,9450,7000,0,175
VIRGINIA,VA,9,REPUBLICAN,271851,20063482.0,20063482.0,791840,0,0,19992,21168,15680,0,392
VIRGINIA,VA,10,DEMOCRAT,268734,11304893.0,11304893.0,446420,0,0,11271,11934,8840,0,221
VIRGINIA,VA,10,REPUBLICAN,206253,11304893.0,11304893.0,446420,0,0,11271,11934,8840,0,221
VIRGINIA,VA,11,DEMOCRAT,280725,8535129.0,8535129.0,337340,0,0,8517,9018,6680,0,167
VIRGINIA,VA,11,REPUBLICAN,111380,8535129.0,8535129.0,337340,0,0,8517,9018,6680,0,167
WASHINGTON,WA,1,DEMOCRAT,249944,23931483.0,23931483.0,911020,0,0,23903,41041,32923,0,451
WASHINGTON,WA,1,REPUBLICAN,176407,23931483.0,23931483.0,911020,0,0,23903,41041,32923,0,451
WASHINGTON,WA,2,DEMOCRAT,255252,34223383.0,34223383.0,1302900,0,0,34185,58695,47085,0,645
WASHINGTON,WA,2,REPUBLICAN,148384,34223383.0,34223383.0,1302900,0,0,34185,58695,47085,0,645
WASHINGTON,WA,3,DEMOCRAT,181347,32026682.0,32026682.0,1220080,0,0,32012,54964,44092,0,604
WASHINGTON,WA,3,REPUBLICAN,235579,32026682.0,32026682.0,1220080,0,0,32012,54964,44092,0,604
WASHINGTON,WA,4,DEMOCRAT,102667,48367286.0,48367286.0,1842240,0,0,48336,82992,66576,0,912
WASHINGTON,WA,4,REPUBLICAN,202108,48367286.0,48367286.0,1842240,0,0,48336,82992,66576,0,912
WASHINGTON,WA,5,DEMOCRAT,155737,36503966.0,36503966.0,1389760,0,0,36464,62608,50224,0,688
WASHINGTON,WA,5,REPUBLICAN,247815,36503966.0,36503966.0,1389760,0,0,36464,62608,50224,0,688
WASHINGTON,WA,6,DEMOCRAT,247429,29646693.0,29646693.0,1129180,0,0,29627,50869,40807,0,559
WASHINGTON,WA,6,REPUBLICAN,168783,29646693.0,29646693.0,1129180,0,0,29627,50869,40807,0,559
WASHINGTON,WA,7,DEMOCRAT,387109,3130571.0,3130571.0,119180,0,0,3127,5369,4307,0,59
WASHINGTON,WA,7,REPUBLICAN,78240,3130571.0,3130571.0,119180,0,0,3127,5369,4307,0,59
WASHINGTON,WA,8,DEMOCRAT,213123,16811919.0,16811919.0,640340,0,0,16801,28847,23141,0,317
WASHINGTON,WA,8,REPUBLICAN,198423,16811919.0,16811919.0,640340,0,0,16801,28847,23141,0,317
WASHINGTON,WA,9,DEMOCRAT,258771,848828.0,848828.0,32320,0,0,848,1456,1168,0,16
WASHINGTON,WA,9,REPUBLICAN,89697,848828.0,848828.0,32320,0,0,848,1456,1168,0,16
WASHINGTON,WA,10,DEMOCRAT,288977,58047338.0,58047338.0,2209880,0,0,57982,99554,79862,0,1094
WEST VIRGINIA,WV,1,DEMOCRAT,81177,30219273.0,30219273.0,1129180,0,0,30186,30745,31304,0,559
WEST VIRGINIA,WV,1,REPUBLICAN,180488,30219273.0,30219273.0,1129180,0,0,30186,30745,31304,0,559
WEST VIRGINIA,WV,2,DEMOCRAT,100799,29291452.0,29291452.0,1094840,0,0,29268,29810,30352,0,542
WEST VIRGINIA,WV,2,REPUBLICAN,172195,29291452.0,29291452.0,1094840,0,0,29268,29810,30352,0,542
WEST VIRGINIA,WV,3,DEMOCRAT,64927,32703053.0,32703053.0,1222100,0,0,32670,33275,33880,0,605
WEST VIRGINIA,WV,3,REPUBLICAN,161585,32703053.0,32703053.0,1222100,0,0,32670,33275,33880,0,605
WISCONSIN,WI,1,DEMOCRAT,163170,20382982.0,2038314888275.0,747400,0,0,20350,12950,9250,3,370
WISCONSIN,WI,1,REPUBLICAN,238271,20382982.0,2038314888275.0,747400,0,0,20350,12950,9250,3,370
WISCONSIN,WI,2,DEMOCRAT,318523,23836159.0,2383634488812.0,874660,0,0,23815,15155,10825,0,433
WISCONSIN,WI,2,REPUBLICAN,138306,23836159.0,2383634488812.0,874660,0,0,23815,15155,10825,0,433
WISCONSIN,WI,3,DEMOCRAT,199870,33863357.0,3386362422485.0,1242300,0,0,33825,21525,15375,0,615
WISCONSIN,WI,3,REPUBLICAN,189524,33863357.0,3386362422485.0,1242300,0,0,33825,21525,15375,0,615
WISCONSIN,WI,4,DEMOCRAT,232668,20158968.0,2015916016975.0,739320,0,0,20130,12810,9150,0,366
WISCONSIN,WI,4,OTHER,7911,20158968.0,2015916016975.0,739320,0,0,20130,12810,9150,0,366
WISCONSIN,WI,4,REPUBLICAN,70769,20158968.0,2015916016975.0,739320,0,0,20130,12810,9150,0,366
WISCONSIN,WI,5,DEMOCRAT,175902,19561891.0,1956209279257.0,717100,0,0,19525,12425,8875,2,355
WISCONSIN,WI,5,REPUBLICAN,265434,19561891.0,1956209279257.0,717100,0,0,19525,12425,8875,2,355
WISCONSIN,WI,6,DEMOCRAT,164239,24016266.0,2401647682596.0,880720,0,0,23980,15260,10900,0,436
WISCONSIN,WI,6,REPUBLICAN,238874,24016266.0,2401647682596.0,880720,0,0,23980,15260,10900,0,436
WISCONSIN,WI,7,DEMOCRAT,162741,39098544.0,3909887454331.0,1434200,0,0,39050,24850,17750,0,710
WISCONSIN,WI,7,REPUBLICAN,252048,39098544.0,3909887454331.0,1434200,0,0,39050,24850,17750,0,710
WISCONSIN,WI,8,DEMOCRAT,149558,22742653.0,2274280053729.0,834260,0,0,22715,14455,10325,0,413
WISCONSIN,WI,8,REPUBLICAN,268173,22742653.0,2274280053729.0,834260,0,0,22715,14455,10325,0,413
WYOMING,WY,0,DEMOCRAT,66576,26890366.0,26890366.0,969600,0,0,26880,39840,32640,0,480
WYOMING,WY,0,LIBERTARIAN,10154,26890366.0,26890366.0,969600,0,0,26880,39840,32640,0,480
WYOMING,WY,0,OTHER,7905,26890366.0,26890366.0,969600,0,0,26880,39840,32640,0,480
WYOMING,WY,0,REPUBLICAN,185732,26890366.0,26890366.0,969600,0,0,26880,39840,32640,0,480
